===== NODE INFO =====
Running on node: x1002c5s3b0n0
Architecture:   aarch64
===== LOADING ENVIRONMENT =====
===== LAUNCHING TRAINING =====
[INFO|2026-08-07 16:17:56] llamafactory.launcher:144 >> Initializing 1 distributed tasks at: 127.0.0.1:35987
[INFO|2026-08-07 16:18:31] llamafactory.hparams.parser:144 >> Set `ddp_find_unused_parameters` to False in DDP training since LoRA is enabled.
[INFO|2026-08-07 16:18:31] llamafactory.hparams.parser:614 >> Process rank: 0, world size: 1, device: cuda:0, distributed training: True, compute dtype: torch.bfloat16
[INFO|2026-08-07 16:18:38] llamafactory.data.loader:144 >> Loading dataset /net/storage/pr3/plgrid/plggdvps/datasets/BigEarthNet.txt/benx_llamafactory_all/train.parquet...
[INFO|2026-08-07 16:18:40] llamafactory.data.loader:144 >> Loading dataset /net/storage/pr3/plgrid/plggdvps/datasets/BigEarthNet.txt/benx_llamafactory_all/val.parquet...
training example:
input_ids:
[151644, 8948, 198, 2610, 525, 264, 10950, 17847, 429, 85181, 23210, 40445, 13, 151645, 198, 151644, 872, 198, 151652, 151655, 151655, 151655, 151655, 151655, 151655, 151655, 151655, 151655, 151655, 151655, 151655, 151655, 151655, 151655, 151655, 151653, 27989, 498, 1977, 279, 23210, 2168, 4933, 4268, 91281, 24367, 553, 28929, 448, 5089, 5671, 315, 5810, 53732, 30, 151645, 198, 151644, 77091, 198, 2152, 151645, 198]
inputs:
<|im_start|>system
You are a helpful assistant that analyzes satellite imagery.<|im_end|>
<|im_start|>user
<|vision_bos|><|IMAGE|><|IMAGE|><|IMAGE|><|IMAGE|><|IMAGE|><|IMAGE|><|IMAGE|><|IMAGE|><|IMAGE|><|IMAGE|><|IMAGE|><|IMAGE|><|IMAGE|><|IMAGE|><|IMAGE|><|IMAGE|><|vision_eos|>Would you say the satellite image shows land principally occupied by agriculture with significant areas of natural vegetation?<|im_end|>
<|im_start|>assistant
no<|im_end|>

label_ids:
[-100, -100, -100, -100, -100, -100, -100, -100, -100, -100, -100, -100, -100, -100, -100, -100, -100, -100, -100, -100, -100, -100, -100, -100, -100, -100, -100, -100, -100, -100, -100, -100, -100, -100, -100, -100, -100, -100, -100, -100, -100, -100, -100, -100, -100, -100, -100, -100, -100, -100, -100, -100, -100, -100, -100, -100, -100, -100, -100, -100, 2152, 151645, 198]
labels:
no<|im_end|>

eval example:
input_ids:
[151644, 8948, 198, 2610, 525, 264, 10950, 17847, 429, 85181, 23210, 40445, 13, 151645, 198, 151644, 872, 198, 151652, 151655, 151655, 151655, 151655, 151655, 151655, 151655, 151655, 151655, 151655, 151655, 151655, 151655, 151655, 151655, 151655, 151653, 31115, 264, 30618, 3745, 2163, 279, 4268, 3421, 536, 2867, 7407, 518, 366, 2768, 2235, 15, 13, 17, 18, 11, 220, 15, 13, 15, 22, 12533, 2768, 29, 304, 279, 2168, 13, 151645, 198, 151644, 77091, 198, 58, 15, 13, 16, 18, 220, 15, 13, 15, 11, 220, 15, 13, 18, 21, 220, 15, 13, 16, 21, 60, 151645, 198]
inputs:
<|im_start|>system
You are a helpful assistant that analyzes satellite imagery.<|im_end|>
<|im_start|>user
<|vision_bos|><|IMAGE|><|IMAGE|><|IMAGE|><|IMAGE|><|IMAGE|><|IMAGE|><|IMAGE|><|IMAGE|><|IMAGE|><|IMAGE|><|IMAGE|><|IMAGE|><|IMAGE|><|IMAGE|><|IMAGE|><|IMAGE|><|vision_eos|>Generate a bounding box around the land cover class instance located at <point>(0.23, 0.07)</point> in the image.<|im_end|>
<|im_start|>assistant
[0.13 0.0, 0.36 0.16]<|im_end|>

label_ids:
[-100, -100, -100, -100, -100, -100, -100, -100, -100, -100, -100, -100, -100, -100, -100, -100, -100, -100, -100, -100, -100, -100, -100, -100, -100, -100, -100, -100, -100, -100, -100, -100, -100, -100, -100, -100, -100, -100, -100, -100, -100, -100, -100, -100, -100, -100, -100, -100, -100, -100, -100, -100, -100, -100, -100, -100, -100, -100, -100, -100, -100, -100, -100, -100, -100, -100, -100, -100, -100, -100, -100, -100, -100, 58, 15, 13, 16, 18, 220, 15, 13, 15, 11, 220, 15, 13, 18, 21, 220, 15, 13, 16, 21, 60, 151645, 198]
labels:
[0.13 0.0, 0.36 0.16]<|im_end|>

[INFO|2026-08-07 16:18:45] llamafactory.model.model_utils.kv_cache:144 >> KV cache is disabled during training.
[INFO|2026-08-07 16:18:53] llamafactory.model.model_utils.checkpointing:144 >> Gradient checkpointing enabled.
[INFO|2026-08-07 16:18:53] llamafactory.model.model_utils.attention:144 >> Using torch SDPA for faster training and inference.
[INFO|2026-08-07 16:18:53] llamafactory.model.adapter:144 >> Upcasting trainable params to float32.
[INFO|2026-08-07 16:18:53] llamafactory.model.adapter:144 >> Fine-tuning method: LoRA
[INFO|2026-08-07 16:18:53] llamafactory.model.model_utils.misc:144 >> Found linear modules: v_proj,down_proj,k_proj,gate_proj,up_proj,q_proj,o_proj
[INFO|2026-08-07 16:18:53] llamafactory.model.model_utils.visual:144 >> Set vision model not trainable: ['visual.patch_embed', 'visual.blocks', 'audio_tower'].
[INFO|2026-08-07 16:18:53] llamafactory.model.model_utils.visual:144 >> Set multi model projector not trainable: ['visual.merger', 'audio_tower.proj'].
[INFO|2026-08-07 16:18:54] llamafactory.model.loader:144 >> trainable params: 20,185,088 || all params: 8,951,998,976 || trainable%: 0.2255
x1002c5s3b0n0:3912051:3912051 [0] NCCL INFO ENV/Plugin: Could not find: libnccl-env.so
x1002c5s3b0n0:3912051:3912051 [0] NCCL INFO Stack size limit (unlimited) is unsafe; will use 8192KB for newly launched threads
x1002c5s3b0n0:3912051:3912051 [0] NCCL INFO Bootstrap: Using bond0:10.168.10.81<0>
x1002c5s3b0n0:3912051:3912051 [0] NCCL INFO cudaDriverVersion 13020
x1002c5s3b0n0:3912051:3912051 [0] NCCL INFO NCCL version 2.29.7+cuda13.2
x1002c5s3b0n0:3912051:3912051 [0] NCCL INFO NCCL git version stable b81d6a5a3
x1002c5s3b0n0:3912051:3912051 [0] NCCL INFO Comm config Blocking set to 1
x1002c5s3b0n0:3912051:3912051 [0] NCCL INFO NET/Plugin: Could not find: libnccl-net.so
x1002c5s3b0n0:3912051:3912051 [0] NCCL INFO NCCL_IB_DISABLE set by environment to 1.
x1002c5s3b0n0:3912051:3912051 [0] NCCL INFO transport/net_ib/init.cc:396 -> 3
x1002c5s3b0n0:3912051:3912051 [0] NCCL INFO Failed to initialize NET plugin IB
x1002c5s3b0n0:3912051:3912051 [0] NCCL INFO NET/Socket : Using [0]bond0:10.168.10.81<0> [1]hsn0:172.25.10.81<0> [2]hsn1:172.25.10.82<0> [3]hsn2:172.25.10.83<0> [4]hsn3:172.25.10.84<0>
x1002c5s3b0n0:3912051:3912051 [0] NCCL INFO Initialized NET plugin Socket
x1002c5s3b0n0:3912051:3912051 [0] NCCL INFO Assigned NET plugin Socket to comm
x1002c5s3b0n0:3912051:3912051 [0] NCCL INFO GIN/Plugin: Could not find: libnccl-gin.so

[2026-08-07 16:19:29] x1002c5s3b0n0:3912051:3912051 [0] misc/ibvwrap.cc:173 NCCL WARN lib wrapper not initialized.
x1002c5s3b0n0:3912051:3912051 [0] NCCL INFO transport/net_ib/gdr.cc:56 -> 3
x1002c5s3b0n0:3912051:3912051 [0] NCCL INFO Failed to initialize any GIN plugin
x1002c5s3b0n0:3912051:3912051 [0] NCCL INFO Using network Socket
x1002c5s3b0n0:3912051:3912051 [0] NCCL INFO [Rank 0] ncclCommInitRankConfig comm 0x66f70ff0 rank 0 nranks 1 cudaDev 0 nvmlDev 0 busId 901000 commId 0xade9b67abf4f1e89 - Init START

[2026-08-07 16:19:29] x1002c5s3b0n0:3912051:3912051 [0] ras/client_support.cc:182 NCCL WARN Call to bind failed: Address already in use
x1002c5s3b0n0:3912051:3912051 [0] NCCL INFO RAS failed to establish a client listening socket at localhost:28028
x1002c5s3b0n0:3912051:3912051 [0] NCCL INFO Bootstrap timings total 0.000653 (create 0.000040, send 0.000094, recv 0.000143, ring 0.000001, delay 0.000001)
x1002c5s3b0n0:3912051:3912051 [0] NCCL INFO NCCL_P2P_DISABLE set by environment to 1
x1002c5s3b0n0:3912051:3912051 [0] NCCL INFO ncclTopoGetCpuAffinity: Affinity for GPU 0 is 0-7. (GPU affinity = 0-71 ; CPU affinity = 0-7).
x1002c5s3b0n0:3912051:3912051 [0] NCCL INFO comm 0x66f70ff0 rank 0 nRanks 1 nNodes 1 localRanks 1 localRank 0 MNNVL 0
x1002c5s3b0n0:3912051:3912051 [0] NCCL INFO Channel 00/64 : 0
x1002c5s3b0n0:3912051:3912051 [0] NCCL INFO Channel 01/64 : 0
x1002c5s3b0n0:3912051:3912051 [0] NCCL INFO Channel 02/64 : 0
x1002c5s3b0n0:3912051:3912051 [0] NCCL INFO Channel 03/64 : 0
x1002c5s3b0n0:3912051:3912051 [0] NCCL INFO Channel 04/64 : 0
x1002c5s3b0n0:3912051:3912051 [0] NCCL INFO Channel 05/64 : 0
x1002c5s3b0n0:3912051:3912051 [0] NCCL INFO Channel 06/64 : 0
x1002c5s3b0n0:3912051:3912051 [0] NCCL INFO Channel 07/64 : 0
x1002c5s3b0n0:3912051:3912051 [0] NCCL INFO Channel 08/64 : 0
x1002c5s3b0n0:3912051:3912051 [0] NCCL INFO Channel 09/64 : 0
x1002c5s3b0n0:3912051:3912051 [0] NCCL INFO Channel 10/64 : 0
x1002c5s3b0n0:3912051:3912051 [0] NCCL INFO Channel 11/64 : 0
x1002c5s3b0n0:3912051:3912051 [0] NCCL INFO Channel 12/64 : 0
x1002c5s3b0n0:3912051:3912051 [0] NCCL INFO Channel 13/64 : 0
x1002c5s3b0n0:3912051:3912051 [0] NCCL INFO Channel 14/64 : 0
x1002c5s3b0n0:3912051:3912051 [0] NCCL INFO Channel 15/64 : 0
x1002c5s3b0n0:3912051:3912051 [0] NCCL INFO Channel 16/64 : 0
x1002c5s3b0n0:3912051:3912051 [0] NCCL INFO Channel 17/64 : 0
x1002c5s3b0n0:3912051:3912051 [0] NCCL INFO Channel 18/64 : 0
x1002c5s3b0n0:3912051:3912051 [0] NCCL INFO Channel 19/64 : 0
x1002c5s3b0n0:3912051:3912051 [0] NCCL INFO Channel 20/64 : 0
x1002c5s3b0n0:3912051:3912051 [0] NCCL INFO Channel 21/64 : 0
x1002c5s3b0n0:3912051:3912051 [0] NCCL INFO Channel 22/64 : 0
x1002c5s3b0n0:3912051:3912051 [0] NCCL INFO Channel 23/64 : 0
x1002c5s3b0n0:3912051:3912051 [0] NCCL INFO Channel 24/64 : 0
x1002c5s3b0n0:3912051:3912051 [0] NCCL INFO Channel 25/64 : 0
x1002c5s3b0n0:3912051:3912051 [0] NCCL INFO Channel 26/64 : 0
x1002c5s3b0n0:3912051:3912051 [0] NCCL INFO Channel 27/64 : 0
x1002c5s3b0n0:3912051:3912051 [0] NCCL INFO Channel 28/64 : 0
x1002c5s3b0n0:3912051:3912051 [0] NCCL INFO Channel 29/64 : 0
x1002c5s3b0n0:3912051:3912051 [0] NCCL INFO Channel 30/64 : 0
x1002c5s3b0n0:3912051:3912051 [0] NCCL INFO Channel 31/64 : 0
x1002c5s3b0n0:3912051:3912051 [0] NCCL INFO Channel 32/64 : 0
x1002c5s3b0n0:3912051:3912051 [0] NCCL INFO Channel 33/64 : 0
x1002c5s3b0n0:3912051:3912051 [0] NCCL INFO Channel 34/64 : 0
x1002c5s3b0n0:3912051:3912051 [0] NCCL INFO Channel 35/64 : 0
x1002c5s3b0n0:3912051:3912051 [0] NCCL INFO Channel 36/64 : 0
x1002c5s3b0n0:3912051:3912051 [0] NCCL INFO Channel 37/64 : 0
x1002c5s3b0n0:3912051:3912051 [0] NCCL INFO Channel 38/64 : 0
x1002c5s3b0n0:3912051:3912051 [0] NCCL INFO Channel 39/64 : 0
x1002c5s3b0n0:3912051:3912051 [0] NCCL INFO Channel 40/64 : 0
x1002c5s3b0n0:3912051:3912051 [0] NCCL INFO Channel 41/64 : 0
x1002c5s3b0n0:3912051:3912051 [0] NCCL INFO Channel 42/64 : 0
x1002c5s3b0n0:3912051:3912051 [0] NCCL INFO Channel 43/64 : 0
x1002c5s3b0n0:3912051:3912051 [0] NCCL INFO Channel 44/64 : 0
x1002c5s3b0n0:3912051:3912051 [0] NCCL INFO Channel 45/64 : 0
x1002c5s3b0n0:3912051:3912051 [0] NCCL INFO Channel 46/64 : 0
x1002c5s3b0n0:3912051:3912051 [0] NCCL INFO Channel 47/64 : 0
x1002c5s3b0n0:3912051:3912051 [0] NCCL INFO Channel 48/64 : 0
x1002c5s3b0n0:3912051:3912051 [0] NCCL INFO Channel 49/64 : 0
x1002c5s3b0n0:3912051:3912051 [0] NCCL INFO Channel 50/64 : 0
x1002c5s3b0n0:3912051:3912051 [0] NCCL INFO Channel 51/64 : 0
x1002c5s3b0n0:3912051:3912051 [0] NCCL INFO Channel 52/64 : 0
x1002c5s3b0n0:3912051:3912051 [0] NCCL INFO Channel 53/64 : 0
x1002c5s3b0n0:3912051:3912051 [0] NCCL INFO Channel 54/64 : 0
x1002c5s3b0n0:3912051:3912051 [0] NCCL INFO Channel 55/64 : 0
x1002c5s3b0n0:3912051:3912051 [0] NCCL INFO Channel 56/64 : 0
x1002c5s3b0n0:3912051:3912051 [0] NCCL INFO Channel 57/64 : 0
x1002c5s3b0n0:3912051:3912051 [0] NCCL INFO Channel 58/64 : 0
x1002c5s3b0n0:3912051:3912051 [0] NCCL INFO Channel 59/64 : 0
x1002c5s3b0n0:3912051:3912051 [0] NCCL INFO Channel 60/64 : 0
x1002c5s3b0n0:3912051:3912051 [0] NCCL INFO Channel 61/64 : 0
x1002c5s3b0n0:3912051:3912051 [0] NCCL INFO Channel 62/64 : 0
x1002c5s3b0n0:3912051:3912051 [0] NCCL INFO Channel 63/64 : 0
x1002c5s3b0n0:3912051:3912051 [0] NCCL INFO Trees [0] -1/-1/-1->0->-1 [1] -1/-1/-1->0->-1 [2] -1/-1/-1->0->-1 [3] -1/-1/-1->0->-1 [4] -1/-1/-1->0->-1 [5] -1/-1/-1->0->-1 [6] -1/-1/-1->0->-1 [7] -1/-1/-1->0->-1 [8] -1/-1/-1->0->-1 [9] -1/-1/-1->0->-1 [10] -1/-1/-1->0->-1 [11] -1/-1/-1->0->-1 [12] -1/-1/-1->0->-1 [13] -1/-1/-1->0->-1 [14] -1/-1/-1->0->-1 [15] -1/-1/-1->0->-1 [16] -1/-1/-1->0->-1 [17] -1/-1/-1->0->-1 [18] -1/-1/-1->0->-1 [19] -1/-1/-1->0->-1 [20] -1/-1/-1->0->-1 [21] -1/-1/-1->0->-1 [22] -1/-1/-1->0->-1 [23] -1/-1/-1->0->-1 [24] -1/-1/-1->0->-1 [25] -1/-1/-1->0->-1 [26] -1/-1/-1->0->-1 [27] -1/-1/-1->0->-1 [28] -1/-1/-1->0->-1 [29] -1/-1/-1->0->-1 [30] -1/-1/-1->0->-1 [31] -1/-1/-1->0->-1 [32] -1/-1/-1->0->-1 [33] -1/-1/-1->0->-1 [34] -1/-1/-1->0->-1 [35] -1/-1/-1->0->-1 [36] -1/-1/-1->0->-1 [37] -1/-1/-1->0->-1 [38] -1/-1/-1->0->-1 [39] -1/-1/-1->0->-1 [40] -1/-1/-1->0->-1 [41] -1/-1/-1->0->-1 [42] -1/-1/-1->0->-1 [43] -1/-1/-1->0->-1 [44] -1/-1/-1->0->-1 [45] -1/-1/-1->0->-1 [46] -1/-1/-1->0->-1 [47] -1/-1/-1->0->-1 [48] -1/-1/-1->0->-1 [4
x1002c5s3b0n0:3912051:3912051 [0] NCCL INFO P2P Chunksize set to 524288
x1002c5s3b0n0:3912051:3912051 [0] NCCL INFO PROFILER/Plugin: Could not find: libnccl-profiler.so
x1002c5s3b0n0:3912051:3912051 [0] NCCL INFO Check P2P Type isAllDirectP2p 1 directMode 0 isAllCudaP2p 1
x1002c5s3b0n0:3912051:3912142 [0] NCCL INFO [Proxy Service] Device 0 CPU core 2
x1002c5s3b0n0:3912051:3912143 [0] NCCL INFO [Proxy Service UDS] Device 0 CPU core 3
x1002c5s3b0n0:3912051:3912051 [0] NCCL INFO TUNER/Plugin: Could not find: libnccl-tuner.so
x1002c5s3b0n0:3912051:3912051 [0] NCCL INFO 64 coll channels, 64 collnet channels, 0 nvls channels, 64 p2p channels, 64 p2p channels per peer
x1002c5s3b0n0:3912051:3912051 [0] NCCL INFO Symmetric VA size=96GB
x1002c5s3b0n0:3912051:3912051 [0] NCCL INFO CC Off, workFifoBytes 1048576
x1002c5s3b0n0:3912051:3912051 [0] NCCL INFO ncclCommInitRankConfig comm 0x66f70ff0 rank 0 nranks 1 cudaDev 0 nvmlDev 0 busId 901000 commId 0xade9b67abf4f1e89 - Init COMPLETE
x1002c5s3b0n0:3912051:3912051 [0] NCCL INFO Init timings - ncclCommInitRankConfig: rank 0 nranks 1 total 0.57 (kernels 0.38, alloc 0.15, bootstrap 0.00, allgathers 0.00, topo 0.01, graphs 0.00, connections 0.02, rest 0.01)
{'loss': '2.364', 'grad_norm': '1.746', 'learning_rate': '3e-07', 'epoch': '0.0003333'}
{'loss': '2.252', 'grad_norm': '1.647', 'learning_rate': '6.333e-07', 'epoch': '0.0006667'}
{'loss': '2.252', 'grad_norm': '1.231', 'learning_rate': '9.667e-07', 'epoch': '0.001'}
{'loss': '2.281', 'grad_norm': '2.537', 'learning_rate': '1.3e-06', 'epoch': '0.001333'}
{'loss': '2.42', 'grad_norm': '2.447', 'learning_rate': '1.633e-06', 'epoch': '0.001667'}
{'loss': '2.346', 'grad_norm': '1.779', 'learning_rate': '1.967e-06', 'epoch': '0.002'}
{'loss': '2.343', 'grad_norm': '1.768', 'learning_rate': '2.3e-06', 'epoch': '0.002333'}
{'loss': '2.237', 'grad_norm': '2.71', 'learning_rate': '2.633e-06', 'epoch': '0.002667'}
{'loss': '2.158', 'grad_norm': '2.755', 'learning_rate': '2.967e-06', 'epoch': '0.003'}
{'loss': '2.065', 'grad_norm': '3.553', 'learning_rate': '3.3e-06', 'epoch': '0.003333'}
{'loss': '1.937', 'grad_norm': '1.878', 'learning_rate': '3.633e-06', 'epoch': '0.003667'}
{'loss': '1.776', 'grad_norm': '1.923', 'learning_rate': '3.967e-06', 'epoch': '0.004'}
{'loss': '1.582', 'grad_norm': '1.399', 'learning_rate': '4.3e-06', 'epoch': '0.004333'}
{'loss': '1.498', 'grad_norm': '1.012', 'learning_rate': '4.633e-06', 'epoch': '0.004667'}
{'loss': '1.37', 'grad_norm': '1.113', 'learning_rate': '4.967e-06', 'epoch': '0.005'}
{'loss': '1.253', 'grad_norm': '0.7879', 'learning_rate': '5.3e-06', 'epoch': '0.005333'}
{'loss': '1.171', 'grad_norm': '0.8084', 'learning_rate': '5.633e-06', 'epoch': '0.005667'}
{'loss': '1.221', 'grad_norm': '0.5752', 'learning_rate': '5.967e-06', 'epoch': '0.006'}
{'loss': '1.01', 'grad_norm': '0.7252', 'learning_rate': '6.3e-06', 'epoch': '0.006333'}
{'loss': '1.071', 'grad_norm': '0.5356', 'learning_rate': '6.633e-06', 'epoch': '0.006667'}
{'loss': '1.018', 'grad_norm': '0.6728', 'learning_rate': '6.967e-06', 'epoch': '0.007'}
{'loss': '1.055', 'grad_norm': '0.5864', 'learning_rate': '7.3e-06', 'epoch': '0.007333'}
{'loss': '0.9604', 'grad_norm': '0.722', 'learning_rate': '7.633e-06', 'epoch': '0.007667'}
{'loss': '0.9549', 'grad_norm': '0.6722', 'learning_rate': '7.967e-06', 'epoch': '0.008'}
{'loss': '0.8258', 'grad_norm': '0.8002', 'learning_rate': '8.3e-06', 'epoch': '0.008333'}
{'loss': '0.8798', 'grad_norm': '0.7526', 'learning_rate': '8.633e-06', 'epoch': '0.008667'}
{'loss': '0.6966', 'grad_norm': '0.6134', 'learning_rate': '8.967e-06', 'epoch': '0.009'}
{'loss': '0.7285', 'grad_norm': '0.5563', 'learning_rate': '9.3e-06', 'epoch': '0.009333'}
{'loss': '0.7507', 'grad_norm': '0.7651', 'learning_rate': '9.633e-06', 'epoch': '0.009667'}
{'loss': '0.7091', 'grad_norm': '0.6974', 'learning_rate': '9.967e-06', 'epoch': '0.01'}
{'loss': '0.6632', 'grad_norm': '0.9059', 'learning_rate': '1.03e-05', 'epoch': '0.01033'}
{'loss': '0.6403', 'grad_norm': '0.8056', 'learning_rate': '1.063e-05', 'epoch': '0.01067'}
{'loss': '0.6468', 'grad_norm': '0.9911', 'learning_rate': '1.097e-05', 'epoch': '0.011'}
{'loss': '0.6144', 'grad_norm': '0.8718', 'learning_rate': '1.13e-05', 'epoch': '0.01133'}
{'loss': '0.5959', 'grad_norm': '0.9125', 'learning_rate': '1.163e-05', 'epoch': '0.01167'}
{'loss': '0.5333', 'grad_norm': '0.6312', 'learning_rate': '1.197e-05', 'epoch': '0.012'}
{'loss': '0.539', 'grad_norm': '0.943', 'learning_rate': '1.23e-05', 'epoch': '0.01233'}
{'loss': '0.5609', 'grad_norm': '0.8781', 'learning_rate': '1.263e-05', 'epoch': '0.01267'}
{'loss': '0.5226', 'grad_norm': '1.085', 'learning_rate': '1.297e-05', 'epoch': '0.013'}
{'loss': '0.4889', 'grad_norm': '1.151', 'learning_rate': '1.33e-05', 'epoch': '0.01333'}
{'loss': '0.5218', 'grad_norm': '1.079', 'learning_rate': '1.363e-05', 'epoch': '0.01367'}
{'loss': '0.5233', 'grad_norm': '0.9445', 'learning_rate': '1.397e-05', 'epoch': '0.014'}
{'loss': '0.4844', 'grad_norm': '1.134', 'learning_rate': '1.43e-05', 'epoch': '0.01433'}
{'loss': '0.4739', 'grad_norm': '1.309', 'learning_rate': '1.463e-05', 'epoch': '0.01467'}
{'loss': '0.4876', 'grad_norm': '1.159', 'learning_rate': '1.497e-05', 'epoch': '0.015'}
{'loss': '0.4712', 'grad_norm': '0.9947', 'learning_rate': '1.53e-05', 'epoch': '0.01533'}
{'loss': '0.4445', 'grad_norm': '1.049', 'learning_rate': '1.563e-05', 'epoch': '0.01567'}
{'loss': '0.4701', 'grad_norm': '1.037', 'learning_rate': '1.597e-05', 'epoch': '0.016'}
{'loss': '0.4351', 'grad_norm': '0.9141', 'learning_rate': '1.63e-05', 'epoch': '0.01633'}
{'loss': '0.4332', 'grad_norm': '1.3', 'learning_rate': '1.663e-05', 'epoch': '0.01667'}
{'eval_loss': '0.4843', 'eval_runtime': '33.54', 'eval_samples_per_second': '61.06', 'eval_steps_per_second': '1.908', 'epoch': '0.01667'}
{'loss': '0.4534', 'grad_norm': '0.9892', 'learning_rate': '1.697e-05', 'epoch': '0.017'}
{'loss': '0.4446', 'grad_norm': '1.054', 'learning_rate': '1.73e-05', 'epoch': '0.01733'}
{'loss': '0.4292', 'grad_norm': '1.196', 'learning_rate': '1.763e-05', 'epoch': '0.01767'}
{'loss': '0.4502', 'grad_norm': '1.083', 'learning_rate': '1.797e-05', 'epoch': '0.018'}
{'loss': '0.4483', 'grad_norm': '1.071', 'learning_rate': '1.83e-05', 'epoch': '0.01833'}
{'loss': '0.4022', 'grad_norm': '1.28', 'learning_rate': '1.863e-05', 'epoch': '0.01867'}
{'loss': '0.4368', 'grad_norm': '1.11', 'learning_rate': '1.897e-05', 'epoch': '0.019'}
{'loss': '0.4238', 'grad_norm': '0.9982', 'learning_rate': '1.93e-05', 'epoch': '0.01933'}
{'loss': '0.4269', 'grad_norm': '1.042', 'learning_rate': '1.963e-05', 'epoch': '0.01967'}
{'loss': '0.4114', 'grad_norm': '1.18', 'learning_rate': '1.997e-05', 'epoch': '0.02'}
{'loss': '0.4011', 'grad_norm': '0.9608', 'learning_rate': '2.03e-05', 'epoch': '0.02033'}
{'loss': '0.4181', 'grad_norm': '1.009', 'learning_rate': '2.063e-05', 'epoch': '0.02067'}
{'loss': '0.409', 'grad_norm': '0.9991', 'learning_rate': '2.097e-05', 'epoch': '0.021'}
{'loss': '0.4057', 'grad_norm': '0.8417', 'learning_rate': '2.13e-05', 'epoch': '0.02133'}
{'loss': '0.4086', 'grad_norm': '1.042', 'learning_rate': '2.163e-05', 'epoch': '0.02167'}
{'loss': '0.445', 'grad_norm': '1.132', 'learning_rate': '2.197e-05', 'epoch': '0.022'}
{'loss': '0.4136', 'grad_norm': '1.185', 'learning_rate': '2.23e-05', 'epoch': '0.02233'}
{'loss': '0.4061', 'grad_norm': '1.55', 'learning_rate': '2.263e-05', 'epoch': '0.02267'}
{'loss': '0.4016', 'grad_norm': '1.008', 'learning_rate': '2.297e-05', 'epoch': '0.023'}
{'loss': '0.3887', 'grad_norm': '1.291', 'learning_rate': '2.33e-05', 'epoch': '0.02333'}
{'loss': '0.3859', 'grad_norm': '0.8077', 'learning_rate': '2.363e-05', 'epoch': '0.02367'}
{'loss': '0.4176', 'grad_norm': '0.8492', 'learning_rate': '2.397e-05', 'epoch': '0.024'}
{'loss': '0.4103', 'grad_norm': '1.24', 'learning_rate': '2.43e-05', 'epoch': '0.02433'}
{'loss': '0.3835', 'grad_norm': '1.127', 'learning_rate': '2.463e-05', 'epoch': '0.02467'}
{'loss': '0.3824', 'grad_norm': '1.185', 'learning_rate': '2.497e-05', 'epoch': '0.025'}
{'loss': '0.3939', 'grad_norm': '0.7863', 'learning_rate': '2.53e-05', 'epoch': '0.02533'}
{'loss': '0.4248', 'grad_norm': '1.405', 'learning_rate': '2.563e-05', 'epoch': '0.02567'}
{'loss': '0.3906', 'grad_norm': '0.8248', 'learning_rate': '2.597e-05', 'epoch': '0.026'}
{'loss': '0.4081', 'grad_norm': '1.064', 'learning_rate': '2.63e-05', 'epoch': '0.02633'}
{'loss': '0.3924', 'grad_norm': '1.015', 'learning_rate': '2.663e-05', 'epoch': '0.02667'}
{'loss': '0.3883', 'grad_norm': '1.081', 'learning_rate': '2.697e-05', 'epoch': '0.027'}
{'loss': '0.4105', 'grad_norm': '0.9546', 'learning_rate': '2.73e-05', 'epoch': '0.02733'}
{'loss': '0.3995', 'grad_norm': '0.8176', 'learning_rate': '2.763e-05', 'epoch': '0.02767'}
{'loss': '0.4098', 'grad_norm': '1.099', 'learning_rate': '2.797e-05', 'epoch': '0.028'}
{'loss': '0.3802', 'grad_norm': '0.7503', 'learning_rate': '2.83e-05', 'epoch': '0.02833'}
{'loss': '0.4128', 'grad_norm': '1.024', 'learning_rate': '2.863e-05', 'epoch': '0.02867'}
{'loss': '0.3971', 'grad_norm': '1.016', 'learning_rate': '2.897e-05', 'epoch': '0.029'}
{'loss': '0.3917', 'grad_norm': '0.839', 'learning_rate': '2.93e-05', 'epoch': '0.02933'}
{'loss': '0.4016', 'grad_norm': '1.062', 'learning_rate': '2.963e-05', 'epoch': '0.02967'}
{'loss': '0.3985', 'grad_norm': '1.468', 'learning_rate': '2.997e-05', 'epoch': '0.03'}
{'loss': '0.417', 'grad_norm': '0.7564', 'learning_rate': '3.03e-05', 'epoch': '0.03033'}
{'loss': '0.4128', 'grad_norm': '0.7995', 'learning_rate': '3.063e-05', 'epoch': '0.03067'}
{'loss': '0.3803', 'grad_norm': '0.9081', 'learning_rate': '3.097e-05', 'epoch': '0.031'}
{'loss': '0.4084', 'grad_norm': '0.9393', 'learning_rate': '3.13e-05', 'epoch': '0.03133'}
{'loss': '0.4012', 'grad_norm': '0.9529', 'learning_rate': '3.163e-05', 'epoch': '0.03167'}
{'loss': '0.3915', 'grad_norm': '0.8184', 'learning_rate': '3.197e-05', 'epoch': '0.032'}
{'loss': '0.3829', 'grad_norm': '0.7279', 'learning_rate': '3.23e-05', 'epoch': '0.03233'}
{'loss': '0.3898', 'grad_norm': '0.9007', 'learning_rate': '3.263e-05', 'epoch': '0.03267'}
{'loss': '0.383', 'grad_norm': '0.9896', 'learning_rate': '3.297e-05', 'epoch': '0.033'}
{'loss': '0.4003', 'grad_norm': '0.9759', 'learning_rate': '3.33e-05', 'epoch': '0.03333'}
{'eval_loss': '0.4278', 'eval_runtime': '31.4', 'eval_samples_per_second': '65.23', 'eval_steps_per_second': '2.038', 'epoch': '0.03333'}
{'loss': '0.4007', 'grad_norm': '0.8994', 'learning_rate': '3.363e-05', 'epoch': '0.03367'}
{'loss': '0.3691', 'grad_norm': '1.079', 'learning_rate': '3.397e-05', 'epoch': '0.034'}
{'loss': '0.3878', 'grad_norm': '1.439', 'learning_rate': '3.43e-05', 'epoch': '0.03433'}
{'loss': '0.3707', 'grad_norm': '1.011', 'learning_rate': '3.463e-05', 'epoch': '0.03467'}
{'loss': '0.3729', 'grad_norm': '1.104', 'learning_rate': '3.497e-05', 'epoch': '0.035'}
{'loss': '0.3901', 'grad_norm': '0.5864', 'learning_rate': '3.53e-05', 'epoch': '0.03533'}
{'loss': '0.3749', 'grad_norm': '0.8726', 'learning_rate': '3.563e-05', 'epoch': '0.03567'}
{'loss': '0.384', 'grad_norm': '0.9442', 'learning_rate': '3.597e-05', 'epoch': '0.036'}
{'loss': '0.3959', 'grad_norm': '0.7647', 'learning_rate': '3.63e-05', 'epoch': '0.03633'}
{'loss': '0.3943', 'grad_norm': '0.7737', 'learning_rate': '3.663e-05', 'epoch': '0.03667'}
{'loss': '0.3955', 'grad_norm': '0.858', 'learning_rate': '3.697e-05', 'epoch': '0.037'}
{'loss': '0.3692', 'grad_norm': '1.081', 'learning_rate': '3.73e-05', 'epoch': '0.03733'}
{'loss': '0.3683', 'grad_norm': '1.088', 'learning_rate': '3.763e-05', 'epoch': '0.03767'}
{'loss': '0.3832', 'grad_norm': '0.8587', 'learning_rate': '3.797e-05', 'epoch': '0.038'}
{'loss': '0.3924', 'grad_norm': '0.7803', 'learning_rate': '3.83e-05', 'epoch': '0.03833'}
{'loss': '0.3668', 'grad_norm': '0.9582', 'learning_rate': '3.863e-05', 'epoch': '0.03867'}
{'loss': '0.3816', 'grad_norm': '0.9942', 'learning_rate': '3.897e-05', 'epoch': '0.039'}
{'loss': '0.4096', 'grad_norm': '0.8651', 'learning_rate': '3.93e-05', 'epoch': '0.03933'}
{'loss': '0.3672', 'grad_norm': '0.8676', 'learning_rate': '3.963e-05', 'epoch': '0.03967'}
{'loss': '0.3791', 'grad_norm': '0.9327', 'learning_rate': '3.997e-05', 'epoch': '0.04'}
{'loss': '0.3785', 'grad_norm': '0.8143', 'learning_rate': '4.03e-05', 'epoch': '0.04033'}
{'loss': '0.3803', 'grad_norm': '0.9803', 'learning_rate': '4.063e-05', 'epoch': '0.04067'}
{'loss': '0.3591', 'grad_norm': '0.6833', 'learning_rate': '4.097e-05', 'epoch': '0.041'}
{'loss': '0.3864', 'grad_norm': '0.5232', 'learning_rate': '4.13e-05', 'epoch': '0.04133'}
{'loss': '0.3553', 'grad_norm': '0.8748', 'learning_rate': '4.163e-05', 'epoch': '0.04167'}
{'loss': '0.345', 'grad_norm': '0.7355', 'learning_rate': '4.197e-05', 'epoch': '0.042'}
{'loss': '0.3651', 'grad_norm': '0.7584', 'learning_rate': '4.23e-05', 'epoch': '0.04233'}
{'loss': '0.3874', 'grad_norm': '1.112', 'learning_rate': '4.263e-05', 'epoch': '0.04267'}
{'loss': '0.3681', 'grad_norm': '0.9078', 'learning_rate': '4.297e-05', 'epoch': '0.043'}
{'loss': '0.3746', 'grad_norm': '0.9167', 'learning_rate': '4.33e-05', 'epoch': '0.04333'}
{'loss': '0.3756', 'grad_norm': '0.7323', 'learning_rate': '4.363e-05', 'epoch': '0.04367'}
{'loss': '0.3635', 'grad_norm': '0.9185', 'learning_rate': '4.397e-05', 'epoch': '0.044'}
{'loss': '0.3578', 'grad_norm': '0.8334', 'learning_rate': '4.43e-05', 'epoch': '0.04433'}
{'loss': '0.3786', 'grad_norm': '0.9486', 'learning_rate': '4.463e-05', 'epoch': '0.04467'}
{'loss': '0.3684', 'grad_norm': '0.8411', 'learning_rate': '4.497e-05', 'epoch': '0.045'}
{'loss': '0.3694', 'grad_norm': '0.8826', 'learning_rate': '4.53e-05', 'epoch': '0.04533'}
{'loss': '0.3653', 'grad_norm': '0.9601', 'learning_rate': '4.563e-05', 'epoch': '0.04567'}
{'loss': '0.367', 'grad_norm': '0.4899', 'learning_rate': '4.597e-05', 'epoch': '0.046'}
{'loss': '0.3726', 'grad_norm': '0.8707', 'learning_rate': '4.63e-05', 'epoch': '0.04633'}
{'loss': '0.3677', 'grad_norm': '0.7801', 'learning_rate': '4.663e-05', 'epoch': '0.04667'}
{'loss': '0.3875', 'grad_norm': '0.6799', 'learning_rate': '4.697e-05', 'epoch': '0.047'}
{'loss': '0.3571', 'grad_norm': '0.9908', 'learning_rate': '4.73e-05', 'epoch': '0.04733'}
{'loss': '0.3565', 'grad_norm': '0.8586', 'learning_rate': '4.763e-05', 'epoch': '0.04767'}
{'loss': '0.3654', 'grad_norm': '0.4505', 'learning_rate': '4.797e-05', 'epoch': '0.048'}
{'loss': '0.3814', 'grad_norm': '0.9949', 'learning_rate': '4.83e-05', 'epoch': '0.04833'}
{'loss': '0.3606', 'grad_norm': '0.8748', 'learning_rate': '4.863e-05', 'epoch': '0.04867'}
{'loss': '0.3564', 'grad_norm': '0.9744', 'learning_rate': '4.897e-05', 'epoch': '0.049'}
{'loss': '0.3833', 'grad_norm': '0.9438', 'learning_rate': '4.93e-05', 'epoch': '0.04933'}
{'loss': '0.3839', 'grad_norm': '0.6323', 'learning_rate': '4.963e-05', 'epoch': '0.04967'}
{'loss': '0.3529', 'grad_norm': '0.7908', 'learning_rate': '4.997e-05', 'epoch': '0.05'}
{'eval_loss': '0.4091', 'eval_runtime': '31.73', 'eval_samples_per_second': '64.54', 'eval_steps_per_second': '2.017', 'epoch': '0.05'}
{'loss': '0.3558', 'grad_norm': '1.023', 'learning_rate': '5.03e-05', 'epoch': '0.05033'}
{'loss': '0.368', 'grad_norm': '0.8284', 'learning_rate': '5.063e-05', 'epoch': '0.05067'}
{'loss': '0.3612', 'grad_norm': '0.6646', 'learning_rate': '5.097e-05', 'epoch': '0.051'}
{'loss': '0.3883', 'grad_norm': '0.9289', 'learning_rate': '5.13e-05', 'epoch': '0.05133'}
{'loss': '0.3606', 'grad_norm': '0.601', 'learning_rate': '5.163e-05', 'epoch': '0.05167'}
{'loss': '0.3645', 'grad_norm': '0.9233', 'learning_rate': '5.197e-05', 'epoch': '0.052'}
{'loss': '0.3548', 'grad_norm': '0.7355', 'learning_rate': '5.23e-05', 'epoch': '0.05233'}
{'loss': '0.3708', 'grad_norm': '0.6138', 'learning_rate': '5.263e-05', 'epoch': '0.05267'}
{'loss': '0.3771', 'grad_norm': '0.9745', 'learning_rate': '5.297e-05', 'epoch': '0.053'}
{'loss': '0.361', 'grad_norm': '0.8252', 'learning_rate': '5.33e-05', 'epoch': '0.05333'}
{'loss': '0.3751', 'grad_norm': '0.6391', 'learning_rate': '5.363e-05', 'epoch': '0.05367'}
{'loss': '0.3675', 'grad_norm': '0.6471', 'learning_rate': '5.397e-05', 'epoch': '0.054'}
{'loss': '0.3625', 'grad_norm': '0.6721', 'learning_rate': '5.43e-05', 'epoch': '0.05433'}
{'loss': '0.3474', 'grad_norm': '0.8237', 'learning_rate': '5.463e-05', 'epoch': '0.05467'}
{'loss': '0.3661', 'grad_norm': '0.7644', 'learning_rate': '5.497e-05', 'epoch': '0.055'}
{'loss': '0.3713', 'grad_norm': '0.4693', 'learning_rate': '5.53e-05', 'epoch': '0.05533'}
{'loss': '0.3606', 'grad_norm': '0.8134', 'learning_rate': '5.563e-05', 'epoch': '0.05567'}
{'loss': '0.3585', 'grad_norm': '0.4816', 'learning_rate': '5.597e-05', 'epoch': '0.056'}
{'loss': '0.366', 'grad_norm': '0.6533', 'learning_rate': '5.63e-05', 'epoch': '0.05633'}
{'loss': '0.3778', 'grad_norm': '0.7203', 'learning_rate': '5.663e-05', 'epoch': '0.05667'}
{'loss': '0.3705', 'grad_norm': '0.8449', 'learning_rate': '5.697e-05', 'epoch': '0.057'}
{'loss': '0.3704', 'grad_norm': '0.5738', 'learning_rate': '5.73e-05', 'epoch': '0.05733'}
{'loss': '0.3458', 'grad_norm': '0.973', 'learning_rate': '5.763e-05', 'epoch': '0.05767'}
{'loss': '0.3552', 'grad_norm': '0.7568', 'learning_rate': '5.797e-05', 'epoch': '0.058'}
{'loss': '0.3482', 'grad_norm': '0.6945', 'learning_rate': '5.83e-05', 'epoch': '0.05833'}
{'loss': '0.3382', 'grad_norm': '0.7393', 'learning_rate': '5.863e-05', 'epoch': '0.05867'}
{'loss': '0.3515', 'grad_norm': '1.017', 'learning_rate': '5.897e-05', 'epoch': '0.059'}
{'loss': '0.3721', 'grad_norm': '1.035', 'learning_rate': '5.93e-05', 'epoch': '0.05933'}
{'loss': '0.3777', 'grad_norm': '0.5866', 'learning_rate': '5.963e-05', 'epoch': '0.05967'}
{'loss': '0.3654', 'grad_norm': '0.6672', 'learning_rate': '5.997e-05', 'epoch': '0.06'}
{'loss': '0.3464', 'grad_norm': '0.9336', 'learning_rate': '6.03e-05', 'epoch': '0.06033'}
{'loss': '0.368', 'grad_norm': '0.501', 'learning_rate': '6.063e-05', 'epoch': '0.06067'}
{'loss': '0.3781', 'grad_norm': '0.6234', 'learning_rate': '6.097e-05', 'epoch': '0.061'}
{'loss': '0.3489', 'grad_norm': '0.8458', 'learning_rate': '6.13e-05', 'epoch': '0.06133'}
{'loss': '0.3846', 'grad_norm': '0.7432', 'learning_rate': '6.163e-05', 'epoch': '0.06167'}
{'loss': '0.3532', 'grad_norm': '0.74', 'learning_rate': '6.197e-05', 'epoch': '0.062'}
{'loss': '0.3601', 'grad_norm': '0.6748', 'learning_rate': '6.23e-05', 'epoch': '0.06233'}
{'loss': '0.3623', 'grad_norm': '0.7264', 'learning_rate': '6.263e-05', 'epoch': '0.06267'}
{'loss': '0.3522', 'grad_norm': '0.5464', 'learning_rate': '6.297e-05', 'epoch': '0.063'}
{'loss': '0.3439', 'grad_norm': '0.6818', 'learning_rate': '6.33e-05', 'epoch': '0.06333'}
{'loss': '0.3819', 'grad_norm': '0.7033', 'learning_rate': '6.363e-05', 'epoch': '0.06367'}
{'loss': '0.3517', 'grad_norm': '0.7507', 'learning_rate': '6.397e-05', 'epoch': '0.064'}
{'loss': '0.3513', 'grad_norm': '0.5529', 'learning_rate': '6.43e-05', 'epoch': '0.06433'}
{'loss': '0.3635', 'grad_norm': '0.7562', 'learning_rate': '6.463e-05', 'epoch': '0.06467'}
{'loss': '0.3615', 'grad_norm': '0.7703', 'learning_rate': '6.497e-05', 'epoch': '0.065'}
{'loss': '0.3502', 'grad_norm': '0.5307', 'learning_rate': '6.53e-05', 'epoch': '0.06533'}
{'loss': '0.3571', 'grad_norm': '0.7204', 'learning_rate': '6.563e-05', 'epoch': '0.06567'}
{'loss': '0.365', 'grad_norm': '0.7276', 'learning_rate': '6.597e-05', 'epoch': '0.066'}
{'loss': '0.3567', 'grad_norm': '0.6633', 'learning_rate': '6.63e-05', 'epoch': '0.06633'}
{'loss': '0.3483', 'grad_norm': '0.3658', 'learning_rate': '6.663e-05', 'epoch': '0.06667'}
{'eval_loss': '0.4037', 'eval_runtime': '33.2', 'eval_samples_per_second': '61.69', 'eval_steps_per_second': '1.928', 'epoch': '0.06667'}
{'loss': '0.387', 'grad_norm': '0.6153', 'learning_rate': '6.697e-05', 'epoch': '0.067'}
{'loss': '0.3662', 'grad_norm': '0.8271', 'learning_rate': '6.73e-05', 'epoch': '0.06733'}
{'loss': '0.3478', 'grad_norm': '0.4202', 'learning_rate': '6.763e-05', 'epoch': '0.06767'}
{'loss': '0.399', 'grad_norm': '0.5543', 'learning_rate': '6.797e-05', 'epoch': '0.068'}
{'loss': '0.3714', 'grad_norm': '0.7114', 'learning_rate': '6.83e-05', 'epoch': '0.06833'}
{'loss': '0.3579', 'grad_norm': '0.6889', 'learning_rate': '6.863e-05', 'epoch': '0.06867'}
{'loss': '0.3576', 'grad_norm': '0.5204', 'learning_rate': '6.897e-05', 'epoch': '0.069'}
{'loss': '0.3506', 'grad_norm': '0.5459', 'learning_rate': '6.93e-05', 'epoch': '0.06933'}
{'loss': '0.3391', 'grad_norm': '0.7996', 'learning_rate': '6.963e-05', 'epoch': '0.06967'}
{'loss': '0.3528', 'grad_norm': '0.8221', 'learning_rate': '6.997e-05', 'epoch': '0.07'}
{'loss': '0.364', 'grad_norm': '0.8249', 'learning_rate': '7.03e-05', 'epoch': '0.07033'}
{'loss': '0.3646', 'grad_norm': '0.5455', 'learning_rate': '7.063e-05', 'epoch': '0.07067'}
{'loss': '0.3586', 'grad_norm': '0.746', 'learning_rate': '7.097e-05', 'epoch': '0.071'}
{'loss': '0.3613', 'grad_norm': '0.4141', 'learning_rate': '7.13e-05', 'epoch': '0.07133'}
{'loss': '0.3571', 'grad_norm': '0.5357', 'learning_rate': '7.163e-05', 'epoch': '0.07167'}
{'loss': '0.3543', 'grad_norm': '0.7619', 'learning_rate': '7.197e-05', 'epoch': '0.072'}
{'loss': '0.3363', 'grad_norm': '0.6724', 'learning_rate': '7.23e-05', 'epoch': '0.07233'}
{'loss': '0.3523', 'grad_norm': '0.6448', 'learning_rate': '7.263e-05', 'epoch': '0.07267'}
{'loss': '0.3495', 'grad_norm': '0.6993', 'learning_rate': '7.297e-05', 'epoch': '0.073'}
{'loss': '0.3607', 'grad_norm': '0.7077', 'learning_rate': '7.33e-05', 'epoch': '0.07333'}
{'loss': '0.3566', 'grad_norm': '0.4617', 'learning_rate': '7.363e-05', 'epoch': '0.07367'}
{'loss': '0.359', 'grad_norm': '0.6913', 'learning_rate': '7.397e-05', 'epoch': '0.074'}
{'loss': '0.3333', 'grad_norm': '0.6322', 'learning_rate': '7.43e-05', 'epoch': '0.07433'}
{'loss': '0.365', 'grad_norm': '0.5781', 'learning_rate': '7.463e-05', 'epoch': '0.07467'}
{'loss': '0.3497', 'grad_norm': '0.5761', 'learning_rate': '7.497e-05', 'epoch': '0.075'}
{'loss': '0.3533', 'grad_norm': '0.7171', 'learning_rate': '7.53e-05', 'epoch': '0.07533'}
{'loss': '0.3569', 'grad_norm': '0.6304', 'learning_rate': '7.563e-05', 'epoch': '0.07567'}
{'loss': '0.3446', 'grad_norm': '0.6197', 'learning_rate': '7.597e-05', 'epoch': '0.076'}
{'loss': '0.3697', 'grad_norm': '0.5209', 'learning_rate': '7.63e-05', 'epoch': '0.07633'}
{'loss': '0.3508', 'grad_norm': '0.6748', 'learning_rate': '7.663e-05', 'epoch': '0.07667'}
{'loss': '0.3383', 'grad_norm': '0.5067', 'learning_rate': '7.697e-05', 'epoch': '0.077'}
{'loss': '0.3653', 'grad_norm': '0.5903', 'learning_rate': '7.73e-05', 'epoch': '0.07733'}
{'loss': '0.3581', 'grad_norm': '0.6961', 'learning_rate': '7.763e-05', 'epoch': '0.07767'}
{'loss': '0.3585', 'grad_norm': '0.5242', 'learning_rate': '7.797e-05', 'epoch': '0.078'}
{'loss': '0.3575', 'grad_norm': '0.6906', 'learning_rate': '7.83e-05', 'epoch': '0.07833'}
{'loss': '0.3506', 'grad_norm': '0.4836', 'learning_rate': '7.863e-05', 'epoch': '0.07867'}
{'loss': '0.3477', 'grad_norm': '0.6032', 'learning_rate': '7.897e-05', 'epoch': '0.079'}
{'loss': '0.3219', 'grad_norm': '0.5249', 'learning_rate': '7.93e-05', 'epoch': '0.07933'}
{'loss': '0.3523', 'grad_norm': '0.6033', 'learning_rate': '7.963e-05', 'epoch': '0.07967'}
{'loss': '0.3374', 'grad_norm': '0.8493', 'learning_rate': '7.997e-05', 'epoch': '0.08'}
{'loss': '0.3634', 'grad_norm': '0.489', 'learning_rate': '8.03e-05', 'epoch': '0.08033'}
{'loss': '0.3467', 'grad_norm': '0.652', 'learning_rate': '8.063e-05', 'epoch': '0.08067'}
{'loss': '0.363', 'grad_norm': '0.5071', 'learning_rate': '8.097e-05', 'epoch': '0.081'}
{'loss': '0.3522', 'grad_norm': '0.7056', 'learning_rate': '8.13e-05', 'epoch': '0.08133'}
{'loss': '0.3527', 'grad_norm': '0.7186', 'learning_rate': '8.163e-05', 'epoch': '0.08167'}
{'loss': '0.3532', 'grad_norm': '0.4902', 'learning_rate': '8.197e-05', 'epoch': '0.082'}
{'loss': '0.3267', 'grad_norm': '0.5367', 'learning_rate': '8.23e-05', 'epoch': '0.08233'}
{'loss': '0.3686', 'grad_norm': '0.5301', 'learning_rate': '8.263e-05', 'epoch': '0.08267'}
{'loss': '0.3533', 'grad_norm': '0.5892', 'learning_rate': '8.297e-05', 'epoch': '0.083'}
{'loss': '0.3485', 'grad_norm': '0.5406', 'learning_rate': '8.33e-05', 'epoch': '0.08333'}
{'eval_loss': '0.3926', 'eval_runtime': '33.38', 'eval_samples_per_second': '61.35', 'eval_steps_per_second': '1.917', 'epoch': '0.08333'}
{'loss': '0.3433', 'grad_norm': '0.5249', 'learning_rate': '8.363e-05', 'epoch': '0.08367'}
{'loss': '0.3663', 'grad_norm': '0.5857', 'learning_rate': '8.397e-05', 'epoch': '0.084'}
{'loss': '0.3688', 'grad_norm': '0.4449', 'learning_rate': '8.43e-05', 'epoch': '0.08433'}
{'loss': '0.3615', 'grad_norm': '0.7186', 'learning_rate': '8.463e-05', 'epoch': '0.08467'}
{'loss': '0.3605', 'grad_norm': '0.5484', 'learning_rate': '8.497e-05', 'epoch': '0.085'}
{'loss': '0.3591', 'grad_norm': '0.4787', 'learning_rate': '8.53e-05', 'epoch': '0.08533'}
{'loss': '0.3448', 'grad_norm': '0.4453', 'learning_rate': '8.563e-05', 'epoch': '0.08567'}
{'loss': '0.3387', 'grad_norm': '0.5499', 'learning_rate': '8.597e-05', 'epoch': '0.086'}
{'loss': '0.349', 'grad_norm': '0.5273', 'learning_rate': '8.63e-05', 'epoch': '0.08633'}
{'loss': '0.3484', 'grad_norm': '0.532', 'learning_rate': '8.663e-05', 'epoch': '0.08667'}
{'loss': '0.3291', 'grad_norm': '0.6701', 'learning_rate': '8.697e-05', 'epoch': '0.087'}
{'loss': '0.3389', 'grad_norm': '0.6501', 'learning_rate': '8.73e-05', 'epoch': '0.08733'}
{'loss': '0.3525', 'grad_norm': '0.5362', 'learning_rate': '8.763e-05', 'epoch': '0.08767'}
{'loss': '0.3543', 'grad_norm': '0.5279', 'learning_rate': '8.797e-05', 'epoch': '0.088'}
{'loss': '0.3578', 'grad_norm': '0.5354', 'learning_rate': '8.83e-05', 'epoch': '0.08833'}
{'loss': '0.3597', 'grad_norm': '0.5967', 'learning_rate': '8.863e-05', 'epoch': '0.08867'}
{'loss': '0.3422', 'grad_norm': '0.6152', 'learning_rate': '8.897e-05', 'epoch': '0.089'}
{'loss': '0.3524', 'grad_norm': '0.4259', 'learning_rate': '8.93e-05', 'epoch': '0.08933'}
{'loss': '0.3357', 'grad_norm': '0.6146', 'learning_rate': '8.963e-05', 'epoch': '0.08967'}
{'loss': '0.3455', 'grad_norm': '0.5014', 'learning_rate': '8.997e-05', 'epoch': '0.09'}
{'loss': '0.3326', 'grad_norm': '0.4644', 'learning_rate': '9.03e-05', 'epoch': '0.09033'}
{'loss': '0.3512', 'grad_norm': '0.6374', 'learning_rate': '9.063e-05', 'epoch': '0.09067'}
{'loss': '0.36', 'grad_norm': '0.5672', 'learning_rate': '9.097e-05', 'epoch': '0.091'}
{'loss': '0.3503', 'grad_norm': '0.4715', 'learning_rate': '9.13e-05', 'epoch': '0.09133'}
{'loss': '0.341', 'grad_norm': '0.5702', 'learning_rate': '9.163e-05', 'epoch': '0.09167'}
{'loss': '0.3605', 'grad_norm': '0.5067', 'learning_rate': '9.197e-05', 'epoch': '0.092'}
{'loss': '0.3501', 'grad_norm': '0.4997', 'learning_rate': '9.23e-05', 'epoch': '0.09233'}
{'loss': '0.357', 'grad_norm': '0.6447', 'learning_rate': '9.263e-05', 'epoch': '0.09267'}
{'loss': '0.3563', 'grad_norm': '0.5722', 'learning_rate': '9.297e-05', 'epoch': '0.093'}
{'loss': '0.3346', 'grad_norm': '0.5543', 'learning_rate': '9.33e-05', 'epoch': '0.09333'}
{'loss': '0.3538', 'grad_norm': '0.4021', 'learning_rate': '9.363e-05', 'epoch': '0.09367'}
{'loss': '0.3491', 'grad_norm': '0.5241', 'learning_rate': '9.397e-05', 'epoch': '0.094'}
{'loss': '0.3515', 'grad_norm': '0.5553', 'learning_rate': '9.43e-05', 'epoch': '0.09433'}
{'loss': '0.366', 'grad_norm': '0.6006', 'learning_rate': '9.463e-05', 'epoch': '0.09467'}
{'loss': '0.3623', 'grad_norm': '0.3966', 'learning_rate': '9.497e-05', 'epoch': '0.095'}
{'loss': '0.3547', 'grad_norm': '0.5926', 'learning_rate': '9.53e-05', 'epoch': '0.09533'}
{'loss': '0.349', 'grad_norm': '0.412', 'learning_rate': '9.563e-05', 'epoch': '0.09567'}
{'loss': '0.3363', 'grad_norm': '0.3969', 'learning_rate': '9.597e-05', 'epoch': '0.096'}
{'loss': '0.3475', 'grad_norm': '0.4634', 'learning_rate': '9.63e-05', 'epoch': '0.09633'}
{'loss': '0.3638', 'grad_norm': '0.5228', 'learning_rate': '9.663e-05', 'epoch': '0.09667'}
{'loss': '0.3583', 'grad_norm': '0.5948', 'learning_rate': '9.697e-05', 'epoch': '0.097'}
{'loss': '0.3389', 'grad_norm': '0.454', 'learning_rate': '9.73e-05', 'epoch': '0.09733'}
{'loss': '0.3492', 'grad_norm': '0.3608', 'learning_rate': '9.763e-05', 'epoch': '0.09767'}
{'loss': '0.3434', 'grad_norm': '0.4855', 'learning_rate': '9.797e-05', 'epoch': '0.098'}
{'loss': '0.3469', 'grad_norm': '0.5299', 'learning_rate': '9.83e-05', 'epoch': '0.09833'}
{'loss': '0.331', 'grad_norm': '0.447', 'learning_rate': '9.863e-05', 'epoch': '0.09867'}
{'loss': '0.3393', 'grad_norm': '0.4339', 'learning_rate': '9.897e-05', 'epoch': '0.099'}
{'loss': '0.3234', 'grad_norm': '0.4496', 'learning_rate': '9.93e-05', 'epoch': '0.09933'}
{'loss': '0.3688', 'grad_norm': '0.6575', 'learning_rate': '9.963e-05', 'epoch': '0.09967'}
{'loss': '0.3421', 'grad_norm': '0.4639', 'learning_rate': '9.997e-05', 'epoch': '0.1'}
{'eval_loss': '0.3835', 'eval_runtime': '31.23', 'eval_samples_per_second': '65.58', 'eval_steps_per_second': '2.049', 'epoch': '0.1'}
{'loss': '0.3447', 'grad_norm': '0.4721', 'learning_rate': '0.0001', 'epoch': '0.1003'}
{'loss': '0.3496', 'grad_norm': '0.469', 'learning_rate': '0.0001', 'epoch': '0.1007'}
{'loss': '0.3493', 'grad_norm': '0.4434', 'learning_rate': '0.0001', 'epoch': '0.101'}
{'loss': '0.3655', 'grad_norm': '0.5666', 'learning_rate': '0.0001', 'epoch': '0.1013'}
{'loss': '0.3528', 'grad_norm': '0.4798', 'learning_rate': '0.0001', 'epoch': '0.1017'}
{'loss': '0.3617', 'grad_norm': '0.6487', 'learning_rate': '0.0001', 'epoch': '0.102'}
{'loss': '0.3505', 'grad_norm': '0.401', 'learning_rate': '0.0001', 'epoch': '0.1023'}
{'loss': '0.3274', 'grad_norm': '0.4731', 'learning_rate': '0.0001', 'epoch': '0.1027'}
{'loss': '0.3642', 'grad_norm': '0.4779', 'learning_rate': '0.0001', 'epoch': '0.103'}
{'loss': '0.3486', 'grad_norm': '0.3344', 'learning_rate': '0.0001', 'epoch': '0.1033'}
{'loss': '0.3549', 'grad_norm': '0.589', 'learning_rate': '0.0001', 'epoch': '0.1037'}
{'loss': '0.353', 'grad_norm': '0.5937', 'learning_rate': '0.0001', 'epoch': '0.104'}
{'loss': '0.3352', 'grad_norm': '0.4735', 'learning_rate': '9.999e-05', 'epoch': '0.1043'}
{'loss': '0.3371', 'grad_norm': '0.4182', 'learning_rate': '9.999e-05', 'epoch': '0.1047'}
{'loss': '0.3248', 'grad_norm': '0.5723', 'learning_rate': '9.999e-05', 'epoch': '0.105'}
{'loss': '0.3314', 'grad_norm': '0.5587', 'learning_rate': '9.999e-05', 'epoch': '0.1053'}
{'loss': '0.2927', 'grad_norm': '0.5172', 'learning_rate': '9.999e-05', 'epoch': '0.1057'}
{'loss': '0.3347', 'grad_norm': '0.5613', 'learning_rate': '9.999e-05', 'epoch': '0.106'}
{'loss': '0.3424', 'grad_norm': '0.5194', 'learning_rate': '9.999e-05', 'epoch': '0.1063'}
{'loss': '0.3446', 'grad_norm': '0.4296', 'learning_rate': '9.999e-05', 'epoch': '0.1067'}
{'loss': '0.352', 'grad_norm': '0.5515', 'learning_rate': '9.999e-05', 'epoch': '0.107'}
{'loss': '0.3061', 'grad_norm': '0.5143', 'learning_rate': '9.998e-05', 'epoch': '0.1073'}
{'loss': '0.3274', 'grad_norm': '0.5156', 'learning_rate': '9.998e-05', 'epoch': '0.1077'}
{'loss': '0.3314', 'grad_norm': '0.5103', 'learning_rate': '9.998e-05', 'epoch': '0.108'}
{'loss': '0.3756', 'grad_norm': '0.4921', 'learning_rate': '9.998e-05', 'epoch': '0.1083'}
{'loss': '0.3416', 'grad_norm': '0.4663', 'learning_rate': '9.998e-05', 'epoch': '0.1087'}
{'loss': '0.3523', 'grad_norm': '0.4962', 'learning_rate': '9.998e-05', 'epoch': '0.109'}
{'loss': '0.3436', 'grad_norm': '0.6733', 'learning_rate': '9.997e-05', 'epoch': '0.1093'}
{'loss': '0.325', 'grad_norm': '0.5881', 'learning_rate': '9.997e-05', 'epoch': '0.1097'}
{'loss': '0.3555', 'grad_norm': '0.5595', 'learning_rate': '9.997e-05', 'epoch': '0.11'}
{'loss': '0.343', 'grad_norm': '0.4069', 'learning_rate': '9.997e-05', 'epoch': '0.1103'}
{'loss': '0.3386', 'grad_norm': '0.5028', 'learning_rate': '9.997e-05', 'epoch': '0.1107'}
{'loss': '0.3314', 'grad_norm': '0.5262', 'learning_rate': '9.996e-05', 'epoch': '0.111'}
{'loss': '0.3524', 'grad_norm': '0.5401', 'learning_rate': '9.996e-05', 'epoch': '0.1113'}
{'loss': '0.3434', 'grad_norm': '0.4562', 'learning_rate': '9.996e-05', 'epoch': '0.1117'}
{'loss': '0.3292', 'grad_norm': '0.432', 'learning_rate': '9.996e-05', 'epoch': '0.112'}
{'loss': '0.3541', 'grad_norm': '0.4579', 'learning_rate': '9.995e-05', 'epoch': '0.1123'}
{'loss': '0.3615', 'grad_norm': '0.5401', 'learning_rate': '9.995e-05', 'epoch': '0.1127'}
{'loss': '0.3426', 'grad_norm': '0.4164', 'learning_rate': '9.995e-05', 'epoch': '0.113'}
{'loss': '0.3524', 'grad_norm': '0.7066', 'learning_rate': '9.995e-05', 'epoch': '0.1133'}
{'loss': '0.3435', 'grad_norm': '0.4912', 'learning_rate': '9.994e-05', 'epoch': '0.1137'}
{'loss': '0.3503', 'grad_norm': '0.5386', 'learning_rate': '9.994e-05', 'epoch': '0.114'}
{'loss': '0.3336', 'grad_norm': '0.3909', 'learning_rate': '9.994e-05', 'epoch': '0.1143'}
{'loss': '0.34', 'grad_norm': '0.4348', 'learning_rate': '9.993e-05', 'epoch': '0.1147'}
{'loss': '0.3414', 'grad_norm': '0.5248', 'learning_rate': '9.993e-05', 'epoch': '0.115'}
{'loss': '0.3624', 'grad_norm': '0.5953', 'learning_rate': '9.993e-05', 'epoch': '0.1153'}
{'loss': '0.3165', 'grad_norm': '0.4546', 'learning_rate': '9.993e-05', 'epoch': '0.1157'}
{'loss': '0.3562', 'grad_norm': '0.4657', 'learning_rate': '9.992e-05', 'epoch': '0.116'}
{'loss': '0.3272', 'grad_norm': '0.4544', 'learning_rate': '9.992e-05', 'epoch': '0.1163'}
{'loss': '0.334', 'grad_norm': '0.3066', 'learning_rate': '9.992e-05', 'epoch': '0.1167'}
{'eval_loss': '0.3817', 'eval_runtime': '31.67', 'eval_samples_per_second': '64.67', 'eval_steps_per_second': '2.021', 'epoch': '0.1167'}
{'loss': '0.3467', 'grad_norm': '0.3223', 'learning_rate': '9.991e-05', 'epoch': '0.117'}
{'loss': '0.3355', 'grad_norm': '0.4577', 'learning_rate': '9.991e-05', 'epoch': '0.1173'}
{'loss': '0.3112', 'grad_norm': '0.4233', 'learning_rate': '9.991e-05', 'epoch': '0.1177'}
{'loss': '0.3538', 'grad_norm': '0.3954', 'learning_rate': '9.99e-05', 'epoch': '0.118'}
{'loss': '0.3551', 'grad_norm': '0.4832', 'learning_rate': '9.99e-05', 'epoch': '0.1183'}
{'loss': '0.3252', 'grad_norm': '0.51', 'learning_rate': '9.989e-05', 'epoch': '0.1187'}
{'loss': '0.3238', 'grad_norm': '0.5131', 'learning_rate': '9.989e-05', 'epoch': '0.119'}
{'loss': '0.3698', 'grad_norm': '0.5721', 'learning_rate': '9.989e-05', 'epoch': '0.1193'}
{'loss': '0.34', 'grad_norm': '0.5267', 'learning_rate': '9.988e-05', 'epoch': '0.1197'}
{'loss': '0.3444', 'grad_norm': '0.5628', 'learning_rate': '9.988e-05', 'epoch': '0.12'}
{'loss': '0.3388', 'grad_norm': '0.4928', 'learning_rate': '9.987e-05', 'epoch': '0.1203'}
{'loss': '0.3427', 'grad_norm': '0.4334', 'learning_rate': '9.987e-05', 'epoch': '0.1207'}
{'loss': '0.3188', 'grad_norm': '0.4563', 'learning_rate': '9.987e-05', 'epoch': '0.121'}
{'loss': '0.3212', 'grad_norm': '0.4956', 'learning_rate': '9.986e-05', 'epoch': '0.1213'}
{'loss': '0.3571', 'grad_norm': '0.4402', 'learning_rate': '9.986e-05', 'epoch': '0.1217'}
{'loss': '0.3543', 'grad_norm': '0.6045', 'learning_rate': '9.985e-05', 'epoch': '0.122'}
{'loss': '0.3552', 'grad_norm': '0.7308', 'learning_rate': '9.985e-05', 'epoch': '0.1223'}
{'loss': '0.3412', 'grad_norm': '0.5592', 'learning_rate': '9.984e-05', 'epoch': '0.1227'}
{'loss': '0.3517', 'grad_norm': '0.3201', 'learning_rate': '9.984e-05', 'epoch': '0.123'}
{'loss': '0.3397', 'grad_norm': '0.4627', 'learning_rate': '9.983e-05', 'epoch': '0.1233'}
{'loss': '0.34', 'grad_norm': '0.3308', 'learning_rate': '9.983e-05', 'epoch': '0.1237'}
{'loss': '0.3437', 'grad_norm': '0.3791', 'learning_rate': '9.983e-05', 'epoch': '0.124'}
{'loss': '0.3433', 'grad_norm': '0.4541', 'learning_rate': '9.982e-05', 'epoch': '0.1243'}
{'loss': '0.3598', 'grad_norm': '0.4839', 'learning_rate': '9.982e-05', 'epoch': '0.1247'}
{'loss': '0.3148', 'grad_norm': '0.4486', 'learning_rate': '9.981e-05', 'epoch': '0.125'}
{'loss': '0.306', 'grad_norm': '0.384', 'learning_rate': '9.981e-05', 'epoch': '0.1253'}
{'loss': '0.3254', 'grad_norm': '0.4484', 'learning_rate': '9.98e-05', 'epoch': '0.1257'}
{'loss': '0.3305', 'grad_norm': '0.4429', 'learning_rate': '9.979e-05', 'epoch': '0.126'}
{'loss': '0.3509', 'grad_norm': '0.468', 'learning_rate': '9.979e-05', 'epoch': '0.1263'}
{'loss': '0.3306', 'grad_norm': '0.4083', 'learning_rate': '9.978e-05', 'epoch': '0.1267'}
{'loss': '0.3403', 'grad_norm': '0.3635', 'learning_rate': '9.978e-05', 'epoch': '0.127'}
{'loss': '0.3579', 'grad_norm': '0.4689', 'learning_rate': '9.977e-05', 'epoch': '0.1273'}
{'loss': '0.3379', 'grad_norm': '0.441', 'learning_rate': '9.977e-05', 'epoch': '0.1277'}
{'loss': '0.3247', 'grad_norm': '0.4681', 'learning_rate': '9.976e-05', 'epoch': '0.128'}
{'loss': '0.333', 'grad_norm': '0.2917', 'learning_rate': '9.976e-05', 'epoch': '0.1283'}
{'loss': '0.3377', 'grad_norm': '0.4239', 'learning_rate': '9.975e-05', 'epoch': '0.1287'}
{'loss': '0.3356', 'grad_norm': '0.4886', 'learning_rate': '9.974e-05', 'epoch': '0.129'}
{'loss': '0.3145', 'grad_norm': '0.3033', 'learning_rate': '9.974e-05', 'epoch': '0.1293'}
{'loss': '0.3504', 'grad_norm': '0.4327', 'learning_rate': '9.973e-05', 'epoch': '0.1297'}
{'loss': '0.3405', 'grad_norm': '0.4682', 'learning_rate': '9.973e-05', 'epoch': '0.13'}
{'loss': '0.3398', 'grad_norm': '0.31', 'learning_rate': '9.972e-05', 'epoch': '0.1303'}
{'loss': '0.3214', 'grad_norm': '0.3286', 'learning_rate': '9.971e-05', 'epoch': '0.1307'}
{'loss': '0.3553', 'grad_norm': '0.3365', 'learning_rate': '9.971e-05', 'epoch': '0.131'}
{'loss': '0.3512', 'grad_norm': '0.3811', 'learning_rate': '9.97e-05', 'epoch': '0.1313'}
{'loss': '0.3394', 'grad_norm': '0.4067', 'learning_rate': '9.97e-05', 'epoch': '0.1317'}
{'loss': '0.3192', 'grad_norm': '0.3711', 'learning_rate': '9.969e-05', 'epoch': '0.132'}
{'loss': '0.3515', 'grad_norm': '0.4539', 'learning_rate': '9.968e-05', 'epoch': '0.1323'}
{'loss': '0.3325', 'grad_norm': '0.4612', 'learning_rate': '9.968e-05', 'epoch': '0.1327'}
{'loss': '0.3184', 'grad_norm': '0.3836', 'learning_rate': '9.967e-05', 'epoch': '0.133'}
{'loss': '0.3375', 'grad_norm': '0.3105', 'learning_rate': '9.966e-05', 'epoch': '0.1333'}
{'eval_loss': '0.3757', 'eval_runtime': '33.31', 'eval_samples_per_second': '61.49', 'eval_steps_per_second': '1.921', 'epoch': '0.1333'}
{'loss': '0.322', 'grad_norm': '0.6375', 'learning_rate': '9.966e-05', 'epoch': '0.1337'}
{'loss': '0.3417', 'grad_norm': '0.3902', 'learning_rate': '9.965e-05', 'epoch': '0.134'}
{'loss': '0.3302', 'grad_norm': '0.5385', 'learning_rate': '9.964e-05', 'epoch': '0.1343'}
{'loss': '0.331', 'grad_norm': '0.4947', 'learning_rate': '9.964e-05', 'epoch': '0.1347'}
{'loss': '0.3357', 'grad_norm': '0.4811', 'learning_rate': '9.963e-05', 'epoch': '0.135'}
{'loss': '0.3417', 'grad_norm': '0.5439', 'learning_rate': '9.962e-05', 'epoch': '0.1353'}
{'loss': '0.3248', 'grad_norm': '0.2956', 'learning_rate': '9.961e-05', 'epoch': '0.1357'}
{'loss': '0.3267', 'grad_norm': '0.329', 'learning_rate': '9.961e-05', 'epoch': '0.136'}
{'loss': '0.3343', 'grad_norm': '0.4218', 'learning_rate': '9.96e-05', 'epoch': '0.1363'}
{'loss': '0.3277', 'grad_norm': '0.4358', 'learning_rate': '9.959e-05', 'epoch': '0.1367'}
{'loss': '0.3333', 'grad_norm': '0.4755', 'learning_rate': '9.958e-05', 'epoch': '0.137'}
{'loss': '0.3411', 'grad_norm': '0.459', 'learning_rate': '9.958e-05', 'epoch': '0.1373'}
{'loss': '0.3287', 'grad_norm': '0.4317', 'learning_rate': '9.957e-05', 'epoch': '0.1377'}
{'loss': '0.3599', 'grad_norm': '0.3641', 'learning_rate': '9.956e-05', 'epoch': '0.138'}
{'loss': '0.3349', 'grad_norm': '0.4671', 'learning_rate': '9.955e-05', 'epoch': '0.1383'}
{'loss': '0.3593', 'grad_norm': '0.4026', 'learning_rate': '9.955e-05', 'epoch': '0.1387'}
{'loss': '0.3416', 'grad_norm': '0.3864', 'learning_rate': '9.954e-05', 'epoch': '0.139'}
{'loss': '0.3457', 'grad_norm': '0.4701', 'learning_rate': '9.953e-05', 'epoch': '0.1393'}
{'loss': '0.3206', 'grad_norm': '0.3963', 'learning_rate': '9.952e-05', 'epoch': '0.1397'}
{'loss': '0.3343', 'grad_norm': '0.3067', 'learning_rate': '9.951e-05', 'epoch': '0.14'}
{'loss': '0.3183', 'grad_norm': '0.3631', 'learning_rate': '9.951e-05', 'epoch': '0.1403'}
{'loss': '0.3495', 'grad_norm': '0.4182', 'learning_rate': '9.95e-05', 'epoch': '0.1407'}
{'loss': '0.3343', 'grad_norm': '0.3469', 'learning_rate': '9.949e-05', 'epoch': '0.141'}
{'loss': '0.3406', 'grad_norm': '0.4882', 'learning_rate': '9.948e-05', 'epoch': '0.1413'}
{'loss': '0.331', 'grad_norm': '0.4404', 'learning_rate': '9.947e-05', 'epoch': '0.1417'}
{'loss': '0.2992', 'grad_norm': '0.3991', 'learning_rate': '9.946e-05', 'epoch': '0.142'}
{'loss': '0.3517', 'grad_norm': '0.4379', 'learning_rate': '9.946e-05', 'epoch': '0.1423'}
{'loss': '0.3519', 'grad_norm': '0.377', 'learning_rate': '9.945e-05', 'epoch': '0.1427'}
{'loss': '0.3192', 'grad_norm': '0.5045', 'learning_rate': '9.944e-05', 'epoch': '0.143'}
{'loss': '0.3339', 'grad_norm': '0.4025', 'learning_rate': '9.943e-05', 'epoch': '0.1433'}
{'loss': '0.3444', 'grad_norm': '0.5002', 'learning_rate': '9.942e-05', 'epoch': '0.1437'}
{'loss': '0.3383', 'grad_norm': '0.4671', 'learning_rate': '9.941e-05', 'epoch': '0.144'}
{'loss': '0.3047', 'grad_norm': '0.4718', 'learning_rate': '9.94e-05', 'epoch': '0.1443'}
{'loss': '0.3164', 'grad_norm': '0.5064', 'learning_rate': '9.939e-05', 'epoch': '0.1447'}
{'loss': '0.327', 'grad_norm': '0.391', 'learning_rate': '9.939e-05', 'epoch': '0.145'}
{'loss': '0.3366', 'grad_norm': '0.4848', 'learning_rate': '9.938e-05', 'epoch': '0.1453'}
{'loss': '0.343', 'grad_norm': '0.4126', 'learning_rate': '9.937e-05', 'epoch': '0.1457'}
{'loss': '0.3278', 'grad_norm': '0.3292', 'learning_rate': '9.936e-05', 'epoch': '0.146'}
{'loss': '0.3385', 'grad_norm': '0.518', 'learning_rate': '9.935e-05', 'epoch': '0.1463'}
{'loss': '0.3249', 'grad_norm': '0.3504', 'learning_rate': '9.934e-05', 'epoch': '0.1467'}
{'loss': '0.3437', 'grad_norm': '0.4728', 'learning_rate': '9.933e-05', 'epoch': '0.147'}
{'loss': '0.3241', 'grad_norm': '0.4007', 'learning_rate': '9.932e-05', 'epoch': '0.1473'}
{'loss': '0.3282', 'grad_norm': '0.464', 'learning_rate': '9.931e-05', 'epoch': '0.1477'}
{'loss': '0.3361', 'grad_norm': '0.4549', 'learning_rate': '9.93e-05', 'epoch': '0.148'}
{'loss': '0.3196', 'grad_norm': '0.3974', 'learning_rate': '9.929e-05', 'epoch': '0.1483'}
{'loss': '0.3266', 'grad_norm': '0.4395', 'learning_rate': '9.928e-05', 'epoch': '0.1487'}
{'loss': '0.3234', 'grad_norm': '0.4079', 'learning_rate': '9.927e-05', 'epoch': '0.149'}
{'loss': '0.3142', 'grad_norm': '0.3204', 'learning_rate': '9.926e-05', 'epoch': '0.1493'}
{'loss': '0.3421', 'grad_norm': '0.5245', 'learning_rate': '9.925e-05', 'epoch': '0.1497'}
{'loss': '0.3519', 'grad_norm': '0.6827', 'learning_rate': '9.924e-05', 'epoch': '0.15'}
{'eval_loss': '0.3745', 'eval_runtime': '31.36', 'eval_samples_per_second': '65.3', 'eval_steps_per_second': '2.041', 'epoch': '0.15'}
{'loss': '0.3606', 'grad_norm': '0.458', 'learning_rate': '9.923e-05', 'epoch': '0.1503'}
{'loss': '0.3198', 'grad_norm': '0.386', 'learning_rate': '9.922e-05', 'epoch': '0.1507'}
{'loss': '0.3323', 'grad_norm': '0.375', 'learning_rate': '9.921e-05', 'epoch': '0.151'}
{'loss': '0.3218', 'grad_norm': '0.485', 'learning_rate': '9.92e-05', 'epoch': '0.1513'}
{'loss': '0.3367', 'grad_norm': '0.3574', 'learning_rate': '9.919e-05', 'epoch': '0.1517'}
{'loss': '0.3496', 'grad_norm': '0.391', 'learning_rate': '9.918e-05', 'epoch': '0.152'}
{'loss': '0.3295', 'grad_norm': '0.3979', 'learning_rate': '9.917e-05', 'epoch': '0.1523'}
{'loss': '0.334', 'grad_norm': '0.3468', 'learning_rate': '9.916e-05', 'epoch': '0.1527'}
{'loss': '0.3422', 'grad_norm': '0.4221', 'learning_rate': '9.915e-05', 'epoch': '0.153'}
{'loss': '0.336', 'grad_norm': '0.4079', 'learning_rate': '9.914e-05', 'epoch': '0.1533'}
{'loss': '0.339', 'grad_norm': '0.4085', 'learning_rate': '9.913e-05', 'epoch': '0.1537'}
{'loss': '0.3578', 'grad_norm': '0.3515', 'learning_rate': '9.912e-05', 'epoch': '0.154'}
{'loss': '0.3412', 'grad_norm': '0.3667', 'learning_rate': '9.91e-05', 'epoch': '0.1543'}
{'loss': '0.3394', 'grad_norm': '0.363', 'learning_rate': '9.909e-05', 'epoch': '0.1547'}
{'loss': '0.3303', 'grad_norm': '0.3017', 'learning_rate': '9.908e-05', 'epoch': '0.155'}
{'loss': '0.3497', 'grad_norm': '0.2722', 'learning_rate': '9.907e-05', 'epoch': '0.1553'}
{'loss': '0.3243', 'grad_norm': '0.4881', 'learning_rate': '9.906e-05', 'epoch': '0.1557'}
{'loss': '0.3374', 'grad_norm': '0.4261', 'learning_rate': '9.905e-05', 'epoch': '0.156'}
{'loss': '0.3229', 'grad_norm': '0.4683', 'learning_rate': '9.904e-05', 'epoch': '0.1563'}
{'loss': '0.3399', 'grad_norm': '0.2928', 'learning_rate': '9.903e-05', 'epoch': '0.1567'}
{'loss': '0.3138', 'grad_norm': '0.3151', 'learning_rate': '9.901e-05', 'epoch': '0.157'}
{'loss': '0.3201', 'grad_norm': '0.3463', 'learning_rate': '9.9e-05', 'epoch': '0.1573'}
{'loss': '0.3253', 'grad_norm': '0.3459', 'learning_rate': '9.899e-05', 'epoch': '0.1577'}
{'loss': '0.3551', 'grad_norm': '0.2978', 'learning_rate': '9.898e-05', 'epoch': '0.158'}
{'loss': '0.3259', 'grad_norm': '0.5327', 'learning_rate': '9.897e-05', 'epoch': '0.1583'}
{'loss': '0.3359', 'grad_norm': '0.2899', 'learning_rate': '9.896e-05', 'epoch': '0.1587'}
{'loss': '0.3477', 'grad_norm': '0.498', 'learning_rate': '9.894e-05', 'epoch': '0.159'}
{'loss': '0.3348', 'grad_norm': '0.4251', 'learning_rate': '9.893e-05', 'epoch': '0.1593'}
{'loss': '0.3461', 'grad_norm': '0.4426', 'learning_rate': '9.892e-05', 'epoch': '0.1597'}
{'loss': '0.3301', 'grad_norm': '0.4353', 'learning_rate': '9.891e-05', 'epoch': '0.16'}
{'loss': '0.3285', 'grad_norm': '0.3341', 'learning_rate': '9.89e-05', 'epoch': '0.1603'}
{'loss': '0.349', 'grad_norm': '0.4622', 'learning_rate': '9.888e-05', 'epoch': '0.1607'}
{'loss': '0.3431', 'grad_norm': '0.4072', 'learning_rate': '9.887e-05', 'epoch': '0.161'}
{'loss': '0.3461', 'grad_norm': '0.3678', 'learning_rate': '9.886e-05', 'epoch': '0.1613'}
{'loss': '0.3211', 'grad_norm': '0.3646', 'learning_rate': '9.885e-05', 'epoch': '0.1617'}
{'loss': '0.3213', 'grad_norm': '0.36', 'learning_rate': '9.883e-05', 'epoch': '0.162'}
{'loss': '0.3228', 'grad_norm': '0.436', 'learning_rate': '9.882e-05', 'epoch': '0.1623'}
{'loss': '0.3299', 'grad_norm': '0.3497', 'learning_rate': '9.881e-05', 'epoch': '0.1627'}
{'loss': '0.3252', 'grad_norm': '0.3614', 'learning_rate': '9.88e-05', 'epoch': '0.163'}
{'loss': '0.3231', 'grad_norm': '0.3543', 'learning_rate': '9.878e-05', 'epoch': '0.1633'}
{'loss': '0.3254', 'grad_norm': '0.3617', 'learning_rate': '9.877e-05', 'epoch': '0.1637'}
{'loss': '0.3332', 'grad_norm': '0.3868', 'learning_rate': '9.876e-05', 'epoch': '0.164'}
{'loss': '0.327', 'grad_norm': '0.3995', 'learning_rate': '9.875e-05', 'epoch': '0.1643'}
{'loss': '0.3609', 'grad_norm': '0.4573', 'learning_rate': '9.873e-05', 'epoch': '0.1647'}
{'loss': '0.3166', 'grad_norm': '0.3707', 'learning_rate': '9.872e-05', 'epoch': '0.165'}
{'loss': '0.3457', 'grad_norm': '0.4625', 'learning_rate': '9.871e-05', 'epoch': '0.1653'}
{'loss': '0.337', 'grad_norm': '0.2896', 'learning_rate': '9.869e-05', 'epoch': '0.1657'}
{'loss': '0.3351', 'grad_norm': '0.3156', 'learning_rate': '9.868e-05', 'epoch': '0.166'}
{'loss': '0.3342', 'grad_norm': '0.3487', 'learning_rate': '9.867e-05', 'epoch': '0.1663'}
{'loss': '0.3162', 'grad_norm': '0.442', 'learning_rate': '9.865e-05', 'epoch': '0.1667'}
{'eval_loss': '0.3722', 'eval_runtime': '32.17', 'eval_samples_per_second': '63.65', 'eval_steps_per_second': '1.989', 'epoch': '0.1667'}
{'loss': '0.3428', 'grad_norm': '0.3415', 'learning_rate': '9.864e-05', 'epoch': '0.167'}
{'loss': '0.3425', 'grad_norm': '0.5135', 'learning_rate': '9.863e-05', 'epoch': '0.1673'}
{'loss': '0.3251', 'grad_norm': '0.3499', 'learning_rate': '9.861e-05', 'epoch': '0.1677'}
{'loss': '0.3336', 'grad_norm': '0.3685', 'learning_rate': '9.86e-05', 'epoch': '0.168'}
{'loss': '0.3399', 'grad_norm': '0.3595', 'learning_rate': '9.859e-05', 'epoch': '0.1683'}
{'loss': '0.3312', 'grad_norm': '0.3923', 'learning_rate': '9.857e-05', 'epoch': '0.1687'}
{'loss': '0.3291', 'grad_norm': '0.276', 'learning_rate': '9.856e-05', 'epoch': '0.169'}
{'loss': '0.3305', 'grad_norm': '0.3662', 'learning_rate': '9.854e-05', 'epoch': '0.1693'}
{'loss': '0.3374', 'grad_norm': '0.3865', 'learning_rate': '9.853e-05', 'epoch': '0.1697'}
{'loss': '0.3307', 'grad_norm': '0.3897', 'learning_rate': '9.852e-05', 'epoch': '0.17'}
{'loss': '0.3246', 'grad_norm': '0.3307', 'learning_rate': '9.85e-05', 'epoch': '0.1703'}
{'loss': '0.3376', 'grad_norm': '0.3766', 'learning_rate': '9.849e-05', 'epoch': '0.1707'}
{'loss': '0.3127', 'grad_norm': '0.3337', 'learning_rate': '9.847e-05', 'epoch': '0.171'}
{'loss': '0.341', 'grad_norm': '0.3829', 'learning_rate': '9.846e-05', 'epoch': '0.1713'}
{'loss': '0.3212', 'grad_norm': '0.3625', 'learning_rate': '9.845e-05', 'epoch': '0.1717'}
{'loss': '0.3361', 'grad_norm': '0.3775', 'learning_rate': '9.843e-05', 'epoch': '0.172'}
{'loss': '0.3456', 'grad_norm': '0.4121', 'learning_rate': '9.842e-05', 'epoch': '0.1723'}
{'loss': '0.3484', 'grad_norm': '0.3642', 'learning_rate': '9.84e-05', 'epoch': '0.1727'}
{'loss': '0.3313', 'grad_norm': '0.4355', 'learning_rate': '9.839e-05', 'epoch': '0.173'}
{'loss': '0.3364', 'grad_norm': '0.4402', 'learning_rate': '9.837e-05', 'epoch': '0.1733'}
{'loss': '0.3335', 'grad_norm': '0.231', 'learning_rate': '9.836e-05', 'epoch': '0.1737'}
{'loss': '0.3379', 'grad_norm': '0.4208', 'learning_rate': '9.834e-05', 'epoch': '0.174'}
{'loss': '0.3062', 'grad_norm': '0.3713', 'learning_rate': '9.833e-05', 'epoch': '0.1743'}
{'loss': '0.3243', 'grad_norm': '0.4004', 'learning_rate': '9.831e-05', 'epoch': '0.1747'}
{'loss': '0.3069', 'grad_norm': '0.366', 'learning_rate': '9.83e-05', 'epoch': '0.175'}
{'loss': '0.3303', 'grad_norm': '0.6993', 'learning_rate': '9.828e-05', 'epoch': '0.1753'}
{'loss': '0.3394', 'grad_norm': '0.3396', 'learning_rate': '9.827e-05', 'epoch': '0.1757'}
{'loss': '0.3296', 'grad_norm': '0.3689', 'learning_rate': '9.825e-05', 'epoch': '0.176'}
{'loss': '0.3042', 'grad_norm': '0.4189', 'learning_rate': '9.824e-05', 'epoch': '0.1763'}
{'loss': '0.3196', 'grad_norm': '0.2376', 'learning_rate': '9.822e-05', 'epoch': '0.1767'}
{'loss': '0.3175', 'grad_norm': '0.2895', 'learning_rate': '9.821e-05', 'epoch': '0.177'}
{'loss': '0.3278', 'grad_norm': '0.2947', 'learning_rate': '9.819e-05', 'epoch': '0.1773'}
{'loss': '0.332', 'grad_norm': '0.4649', 'learning_rate': '9.818e-05', 'epoch': '0.1777'}
{'loss': '0.3427', 'grad_norm': '0.4278', 'learning_rate': '9.816e-05', 'epoch': '0.178'}
{'loss': '0.3214', 'grad_norm': '0.2985', 'learning_rate': '9.814e-05', 'epoch': '0.1783'}
{'loss': '0.3317', 'grad_norm': '0.4671', 'learning_rate': '9.813e-05', 'epoch': '0.1787'}
{'loss': '0.3151', 'grad_norm': '0.3282', 'learning_rate': '9.811e-05', 'epoch': '0.179'}
{'loss': '0.3332', 'grad_norm': '0.3565', 'learning_rate': '9.81e-05', 'epoch': '0.1793'}
{'loss': '0.3203', 'grad_norm': '0.283', 'learning_rate': '9.808e-05', 'epoch': '0.1797'}
{'loss': '0.3303', 'grad_norm': '0.4476', 'learning_rate': '9.806e-05', 'epoch': '0.18'}
{'loss': '0.3234', 'grad_norm': '0.4571', 'learning_rate': '9.805e-05', 'epoch': '0.1803'}
{'loss': '0.3482', 'grad_norm': '0.4821', 'learning_rate': '9.803e-05', 'epoch': '0.1807'}
{'loss': '0.3251', 'grad_norm': '0.3515', 'learning_rate': '9.802e-05', 'epoch': '0.181'}
{'loss': '0.3254', 'grad_norm': '0.3772', 'learning_rate': '9.8e-05', 'epoch': '0.1813'}
{'loss': '0.3265', 'grad_norm': '0.4155', 'learning_rate': '9.798e-05', 'epoch': '0.1817'}
{'loss': '0.3293', 'grad_norm': '0.3649', 'learning_rate': '9.797e-05', 'epoch': '0.182'}
{'loss': '0.3271', 'grad_norm': '0.3214', 'learning_rate': '9.795e-05', 'epoch': '0.1823'}
{'loss': '0.3202', 'grad_norm': '0.3893', 'learning_rate': '9.793e-05', 'epoch': '0.1827'}
{'loss': '0.3439', 'grad_norm': '0.3408', 'learning_rate': '9.792e-05', 'epoch': '0.183'}
{'loss': '0.3148', 'grad_norm': '0.452', 'learning_rate': '9.79e-05', 'epoch': '0.1833'}
{'eval_loss': '0.3713', 'eval_runtime': '31.78', 'eval_samples_per_second': '64.45', 'eval_steps_per_second': '2.014', 'epoch': '0.1833'}
{'loss': '0.3177', 'grad_norm': '0.3173', 'learning_rate': '9.788e-05', 'epoch': '0.1837'}
{'loss': '0.3292', 'grad_norm': '0.3545', 'learning_rate': '9.787e-05', 'epoch': '0.184'}
{'loss': '0.3384', 'grad_norm': '0.3161', 'learning_rate': '9.785e-05', 'epoch': '0.1843'}
{'loss': '0.3353', 'grad_norm': '0.4055', 'learning_rate': '9.783e-05', 'epoch': '0.1847'}
{'loss': '0.3295', 'grad_norm': '0.3439', 'learning_rate': '9.782e-05', 'epoch': '0.185'}
{'loss': '0.3351', 'grad_norm': '0.5411', 'learning_rate': '9.78e-05', 'epoch': '0.1853'}
{'loss': '0.3249', 'grad_norm': '0.5665', 'learning_rate': '9.778e-05', 'epoch': '0.1857'}
{'loss': '0.3291', 'grad_norm': '0.3839', 'learning_rate': '9.777e-05', 'epoch': '0.186'}
{'loss': '0.3404', 'grad_norm': '0.3806', 'learning_rate': '9.775e-05', 'epoch': '0.1863'}
{'loss': '0.3334', 'grad_norm': '0.3791', 'learning_rate': '9.773e-05', 'epoch': '0.1867'}
{'loss': '0.3207', 'grad_norm': '0.501', 'learning_rate': '9.771e-05', 'epoch': '0.187'}
{'loss': '0.3281', 'grad_norm': '0.3281', 'learning_rate': '9.77e-05', 'epoch': '0.1873'}
{'loss': '0.3466', 'grad_norm': '0.3237', 'learning_rate': '9.768e-05', 'epoch': '0.1877'}
{'loss': '0.3525', 'grad_norm': '0.4295', 'learning_rate': '9.766e-05', 'epoch': '0.188'}
{'loss': '0.3207', 'grad_norm': '0.3306', 'learning_rate': '9.764e-05', 'epoch': '0.1883'}
{'loss': '0.3385', 'grad_norm': '0.3832', 'learning_rate': '9.763e-05', 'epoch': '0.1887'}
{'loss': '0.3201', 'grad_norm': '0.3513', 'learning_rate': '9.761e-05', 'epoch': '0.189'}
{'loss': '0.3136', 'grad_norm': '0.2777', 'learning_rate': '9.759e-05', 'epoch': '0.1893'}
{'loss': '0.3153', 'grad_norm': '0.3931', 'learning_rate': '9.757e-05', 'epoch': '0.1897'}
{'loss': '0.3487', 'grad_norm': '0.3017', 'learning_rate': '9.755e-05', 'epoch': '0.19'}
{'loss': '0.3393', 'grad_norm': '0.2747', 'learning_rate': '9.754e-05', 'epoch': '0.1903'}
{'loss': '0.328', 'grad_norm': '0.2892', 'learning_rate': '9.752e-05', 'epoch': '0.1907'}
{'loss': '0.361', 'grad_norm': '0.3345', 'learning_rate': '9.75e-05', 'epoch': '0.191'}
{'loss': '0.3356', 'grad_norm': '0.4339', 'learning_rate': '9.748e-05', 'epoch': '0.1913'}
{'loss': '0.3236', 'grad_norm': '0.3355', 'learning_rate': '9.746e-05', 'epoch': '0.1917'}
{'loss': '0.3116', 'grad_norm': '0.4542', 'learning_rate': '9.745e-05', 'epoch': '0.192'}
{'loss': '0.3218', 'grad_norm': '0.3679', 'learning_rate': '9.743e-05', 'epoch': '0.1923'}
{'loss': '0.3053', 'grad_norm': '0.3705', 'learning_rate': '9.741e-05', 'epoch': '0.1927'}
{'loss': '0.3188', 'grad_norm': '0.4303', 'learning_rate': '9.739e-05', 'epoch': '0.193'}
{'loss': '0.3346', 'grad_norm': '0.4554', 'learning_rate': '9.737e-05', 'epoch': '0.1933'}
{'loss': '0.3345', 'grad_norm': '0.3619', 'learning_rate': '9.735e-05', 'epoch': '0.1937'}
{'loss': '0.3212', 'grad_norm': '0.3026', 'learning_rate': '9.733e-05', 'epoch': '0.194'}
{'loss': '0.3262', 'grad_norm': '0.3689', 'learning_rate': '9.732e-05', 'epoch': '0.1943'}
{'loss': '0.3099', 'grad_norm': '0.3137', 'learning_rate': '9.73e-05', 'epoch': '0.1947'}
{'loss': '0.3508', 'grad_norm': '0.4944', 'learning_rate': '9.728e-05', 'epoch': '0.195'}
{'loss': '0.3467', 'grad_norm': '0.5424', 'learning_rate': '9.726e-05', 'epoch': '0.1953'}
{'loss': '0.3281', 'grad_norm': '0.355', 'learning_rate': '9.724e-05', 'epoch': '0.1957'}
{'loss': '0.3261', 'grad_norm': '0.4226', 'learning_rate': '9.722e-05', 'epoch': '0.196'}
{'loss': '0.3262', 'grad_norm': '0.3892', 'learning_rate': '9.72e-05', 'epoch': '0.1963'}
{'loss': '0.3315', 'grad_norm': '0.3149', 'learning_rate': '9.718e-05', 'epoch': '0.1967'}
{'loss': '0.3192', 'grad_norm': '0.2319', 'learning_rate': '9.716e-05', 'epoch': '0.197'}
{'loss': '0.3235', 'grad_norm': '0.4271', 'learning_rate': '9.714e-05', 'epoch': '0.1973'}
{'loss': '0.3232', 'grad_norm': '0.3504', 'learning_rate': '9.712e-05', 'epoch': '0.1977'}
{'loss': '0.3245', 'grad_norm': '0.358', 'learning_rate': '9.71e-05', 'epoch': '0.198'}
{'loss': '0.3265', 'grad_norm': '0.6804', 'learning_rate': '9.709e-05', 'epoch': '0.1983'}
{'loss': '0.3278', 'grad_norm': '0.4177', 'learning_rate': '9.707e-05', 'epoch': '0.1987'}
{'loss': '0.3246', 'grad_norm': '0.4588', 'learning_rate': '9.705e-05', 'epoch': '0.199'}
{'loss': '0.3275', 'grad_norm': '0.4849', 'learning_rate': '9.703e-05', 'epoch': '0.1993'}
{'loss': '0.352', 'grad_norm': '0.3013', 'learning_rate': '9.701e-05', 'epoch': '0.1997'}
{'loss': '0.321', 'grad_norm': '0.3903', 'learning_rate': '9.699e-05', 'epoch': '0.2'}
{'eval_loss': '0.37', 'eval_runtime': '32.06', 'eval_samples_per_second': '63.89', 'eval_steps_per_second': '1.997', 'epoch': '0.2'}
{'loss': '0.305', 'grad_norm': '0.4203', 'learning_rate': '9.697e-05', 'epoch': '0.2003'}
{'loss': '0.32', 'grad_norm': '0.3291', 'learning_rate': '9.695e-05', 'epoch': '0.2007'}
{'loss': '0.3264', 'grad_norm': '0.4201', 'learning_rate': '9.693e-05', 'epoch': '0.201'}
{'loss': '0.3294', 'grad_norm': '0.3424', 'learning_rate': '9.691e-05', 'epoch': '0.2013'}
{'loss': '0.3326', 'grad_norm': '0.4335', 'learning_rate': '9.689e-05', 'epoch': '0.2017'}
{'loss': '0.3235', 'grad_norm': '0.3696', 'learning_rate': '9.687e-05', 'epoch': '0.202'}
{'loss': '0.3407', 'grad_norm': '0.3424', 'learning_rate': '9.685e-05', 'epoch': '0.2023'}
{'loss': '0.3268', 'grad_norm': '0.3921', 'learning_rate': '9.683e-05', 'epoch': '0.2027'}
{'loss': '0.3183', 'grad_norm': '0.3767', 'learning_rate': '9.681e-05', 'epoch': '0.203'}
{'loss': '0.3505', 'grad_norm': '0.296', 'learning_rate': '9.678e-05', 'epoch': '0.2033'}
{'loss': '0.3619', 'grad_norm': '0.3684', 'learning_rate': '9.676e-05', 'epoch': '1'}
{'loss': '0.3331', 'grad_norm': '0.3245', 'learning_rate': '9.674e-05', 'epoch': '1.001'}
{'loss': '0.3317', 'grad_norm': '0.4501', 'learning_rate': '9.672e-05', 'epoch': '1.001'}
{'loss': '0.3296', 'grad_norm': '0.322', 'learning_rate': '9.67e-05', 'epoch': '1.001'}
{'loss': '0.3173', 'grad_norm': '0.3096', 'learning_rate': '9.668e-05', 'epoch': '1.002'}
{'loss': '0.3231', 'grad_norm': '0.3063', 'learning_rate': '9.666e-05', 'epoch': '1.002'}
{'loss': '0.3146', 'grad_norm': '0.3571', 'learning_rate': '9.664e-05', 'epoch': '1.002'}
{'loss': '0.3306', 'grad_norm': '0.3776', 'learning_rate': '9.662e-05', 'epoch': '1.003'}
{'loss': '0.3173', 'grad_norm': '0.344', 'learning_rate': '9.66e-05', 'epoch': '1.003'}
{'loss': '0.3055', 'grad_norm': '0.3671', 'learning_rate': '9.658e-05', 'epoch': '1.003'}
{'loss': '0.3249', 'grad_norm': '0.3402', 'learning_rate': '9.655e-05', 'epoch': '1.004'}
{'loss': '0.3122', 'grad_norm': '0.3029', 'learning_rate': '9.653e-05', 'epoch': '1.004'}
{'loss': '0.3299', 'grad_norm': '0.3456', 'learning_rate': '9.651e-05', 'epoch': '1.004'}
{'loss': '0.337', 'grad_norm': '0.4442', 'learning_rate': '9.649e-05', 'epoch': '1.005'}
{'loss': '0.3433', 'grad_norm': '0.2863', 'learning_rate': '9.647e-05', 'epoch': '1.005'}
{'loss': '0.3309', 'grad_norm': '0.2959', 'learning_rate': '9.645e-05', 'epoch': '1.005'}
{'loss': '0.3094', 'grad_norm': '0.3502', 'learning_rate': '9.643e-05', 'epoch': '1.006'}
{'loss': '0.3347', 'grad_norm': '0.3397', 'learning_rate': '9.64e-05', 'epoch': '1.006'}
{'loss': '0.3204', 'grad_norm': '0.3307', 'learning_rate': '9.638e-05', 'epoch': '1.006'}
{'loss': '0.3376', 'grad_norm': '0.3767', 'learning_rate': '9.636e-05', 'epoch': '1.007'}
{'loss': '0.3133', 'grad_norm': '0.3968', 'learning_rate': '9.634e-05', 'epoch': '1.007'}
{'loss': '0.3209', 'grad_norm': '0.3529', 'learning_rate': '9.632e-05', 'epoch': '1.007'}
{'loss': '0.3248', 'grad_norm': '0.4034', 'learning_rate': '9.63e-05', 'epoch': '1.008'}
{'loss': '0.3337', 'grad_norm': '0.477', 'learning_rate': '9.627e-05', 'epoch': '1.008'}
{'loss': '0.3339', 'grad_norm': '0.3935', 'learning_rate': '9.625e-05', 'epoch': '1.008'}
{'loss': '0.3303', 'grad_norm': '0.3007', 'learning_rate': '9.623e-05', 'epoch': '1.009'}
{'loss': '0.3227', 'grad_norm': '0.4416', 'learning_rate': '9.621e-05', 'epoch': '1.009'}
{'loss': '0.3201', 'grad_norm': '0.4227', 'learning_rate': '9.619e-05', 'epoch': '1.009'}
{'loss': '0.325', 'grad_norm': '0.3558', 'learning_rate': '9.616e-05', 'epoch': '1.01'}
{'loss': '0.3377', 'grad_norm': '0.3134', 'learning_rate': '9.614e-05', 'epoch': '1.01'}
{'loss': '0.3457', 'grad_norm': '0.3564', 'learning_rate': '9.612e-05', 'epoch': '1.01'}
{'loss': '0.326', 'grad_norm': '0.285', 'learning_rate': '9.61e-05', 'epoch': '1.011'}
{'loss': '0.3341', 'grad_norm': '0.3996', 'learning_rate': '9.607e-05', 'epoch': '1.011'}
{'loss': '0.3263', 'grad_norm': '0.5071', 'learning_rate': '9.605e-05', 'epoch': '1.011'}
{'loss': '0.3168', 'grad_norm': '0.3327', 'learning_rate': '9.603e-05', 'epoch': '1.012'}
{'loss': '0.3285', 'grad_norm': '0.365', 'learning_rate': '9.6e-05', 'epoch': '1.012'}
{'loss': '0.3326', 'grad_norm': '0.319', 'learning_rate': '9.598e-05', 'epoch': '1.012'}
{'loss': '0.3322', 'grad_norm': '0.3756', 'learning_rate': '9.596e-05', 'epoch': '1.013'}
{'loss': '0.323', 'grad_norm': '0.3184', 'learning_rate': '9.594e-05', 'epoch': '1.013'}
{'loss': '0.3135', 'grad_norm': '0.3808', 'learning_rate': '9.591e-05', 'epoch': '1.013'}
{'eval_loss': '0.3667', 'eval_runtime': '31.68', 'eval_samples_per_second': '64.64', 'eval_steps_per_second': '2.02', 'epoch': '1.013'}
{'loss': '0.323', 'grad_norm': '0.3771', 'learning_rate': '9.589e-05', 'epoch': '1.014'}
{'loss': '0.3661', 'grad_norm': '0.4013', 'learning_rate': '9.587e-05', 'epoch': '1.014'}
{'loss': '0.3252', 'grad_norm': '0.3644', 'learning_rate': '9.584e-05', 'epoch': '1.014'}
{'loss': '0.3136', 'grad_norm': '0.4341', 'learning_rate': '9.582e-05', 'epoch': '1.015'}
{'loss': '0.3475', 'grad_norm': '0.3373', 'learning_rate': '9.58e-05', 'epoch': '1.015'}
{'loss': '0.3221', 'grad_norm': '0.4037', 'learning_rate': '9.577e-05', 'epoch': '1.015'}
{'loss': '0.2955', 'grad_norm': '0.2676', 'learning_rate': '9.575e-05', 'epoch': '1.016'}
{'loss': '0.3171', 'grad_norm': '0.356', 'learning_rate': '9.573e-05', 'epoch': '1.016'}
{'loss': '0.3185', 'grad_norm': '0.2903', 'learning_rate': '9.57e-05', 'epoch': '1.016'}
{'loss': '0.3087', 'grad_norm': '0.3752', 'learning_rate': '9.568e-05', 'epoch': '1.017'}
{'loss': '0.3241', 'grad_norm': '0.5784', 'learning_rate': '9.566e-05', 'epoch': '1.017'}
{'loss': '0.3144', 'grad_norm': '0.3412', 'learning_rate': '9.563e-05', 'epoch': '1.017'}
{'loss': '0.3208', 'grad_norm': '0.3703', 'learning_rate': '9.561e-05', 'epoch': '1.018'}
{'loss': '0.3179', 'grad_norm': '0.4094', 'learning_rate': '9.558e-05', 'epoch': '1.018'}
{'loss': '0.3388', 'grad_norm': '0.4769', 'learning_rate': '9.556e-05', 'epoch': '1.018'}
{'loss': '0.3148', 'grad_norm': '0.3492', 'learning_rate': '9.554e-05', 'epoch': '1.019'}
{'loss': '0.3179', 'grad_norm': '0.3633', 'learning_rate': '9.551e-05', 'epoch': '1.019'}
{'loss': '0.3376', 'grad_norm': '0.4197', 'learning_rate': '9.549e-05', 'epoch': '1.019'}
{'loss': '0.3124', 'grad_norm': '0.2683', 'learning_rate': '9.546e-05', 'epoch': '1.02'}
{'loss': '0.325', 'grad_norm': '0.3026', 'learning_rate': '9.544e-05', 'epoch': '1.02'}
{'loss': '0.3244', 'grad_norm': '0.2722', 'learning_rate': '9.542e-05', 'epoch': '1.02'}
{'loss': '0.32', 'grad_norm': '0.3268', 'learning_rate': '9.539e-05', 'epoch': '1.021'}
{'loss': '0.3395', 'grad_norm': '0.4808', 'learning_rate': '9.537e-05', 'epoch': '1.021'}
{'loss': '0.3404', 'grad_norm': '0.4103', 'learning_rate': '9.534e-05', 'epoch': '1.021'}
{'loss': '0.308', 'grad_norm': '0.368', 'learning_rate': '9.532e-05', 'epoch': '1.022'}
{'loss': '0.3333', 'grad_norm': '0.4346', 'learning_rate': '9.529e-05', 'epoch': '1.022'}
{'loss': '0.333', 'grad_norm': '0.3842', 'learning_rate': '9.527e-05', 'epoch': '1.022'}
{'loss': '0.3144', 'grad_norm': '0.3707', 'learning_rate': '9.524e-05', 'epoch': '1.023'}
{'loss': '0.319', 'grad_norm': '0.521', 'learning_rate': '9.522e-05', 'epoch': '1.023'}
{'loss': '0.311', 'grad_norm': '0.2493', 'learning_rate': '9.519e-05', 'epoch': '1.023'}
{'loss': '0.3044', 'grad_norm': '0.3664', 'learning_rate': '9.517e-05', 'epoch': '1.024'}
{'loss': '0.2974', 'grad_norm': '0.4152', 'learning_rate': '9.514e-05', 'epoch': '1.024'}
{'loss': '0.3189', 'grad_norm': '0.3354', 'learning_rate': '9.512e-05', 'epoch': '1.024'}
{'loss': '0.3311', 'grad_norm': '0.4261', 'learning_rate': '9.509e-05', 'epoch': '1.025'}
{'loss': '0.3218', 'grad_norm': '0.3355', 'learning_rate': '9.507e-05', 'epoch': '1.025'}
{'loss': '0.3004', 'grad_norm': '0.3624', 'learning_rate': '9.504e-05', 'epoch': '1.025'}
{'loss': '0.3378', 'grad_norm': '0.3149', 'learning_rate': '9.502e-05', 'epoch': '1.026'}
{'loss': '0.3145', 'grad_norm': '0.3017', 'learning_rate': '9.499e-05', 'epoch': '1.026'}
{'loss': '0.3233', 'grad_norm': '0.2848', 'learning_rate': '9.497e-05', 'epoch': '1.026'}
{'loss': '0.3093', 'grad_norm': '0.3849', 'learning_rate': '9.494e-05', 'epoch': '1.027'}
{'loss': '0.336', 'grad_norm': '0.2938', 'learning_rate': '9.492e-05', 'epoch': '1.027'}
{'loss': '0.3346', 'grad_norm': '0.285', 'learning_rate': '9.489e-05', 'epoch': '1.027'}
{'loss': '0.3379', 'grad_norm': '0.3894', 'learning_rate': '9.487e-05', 'epoch': '1.028'}
{'loss': '0.3279', 'grad_norm': '0.3639', 'learning_rate': '9.484e-05', 'epoch': '1.028'}
{'loss': '0.3149', 'grad_norm': '0.3805', 'learning_rate': '9.481e-05', 'epoch': '1.028'}
{'loss': '0.3192', 'grad_norm': '0.3652', 'learning_rate': '9.479e-05', 'epoch': '1.029'}
{'loss': '0.3219', 'grad_norm': '0.3261', 'learning_rate': '9.476e-05', 'epoch': '1.029'}
{'loss': '0.3387', 'grad_norm': '0.3067', 'learning_rate': '9.474e-05', 'epoch': '1.029'}
{'loss': '0.3251', 'grad_norm': '0.2653', 'learning_rate': '9.471e-05', 'epoch': '1.03'}
{'loss': '0.3105', 'grad_norm': '0.3019', 'learning_rate': '9.468e-05', 'epoch': '1.03'}
{'eval_loss': '0.3651', 'eval_runtime': '32.29', 'eval_samples_per_second': '63.42', 'eval_steps_per_second': '1.982', 'epoch': '1.03'}
{'loss': '0.3264', 'grad_norm': '0.4194', 'learning_rate': '9.466e-05', 'epoch': '1.03'}
{'loss': '0.3355', 'grad_norm': '0.388', 'learning_rate': '9.463e-05', 'epoch': '1.031'}
{'loss': '0.3111', 'grad_norm': '0.41', 'learning_rate': '9.461e-05', 'epoch': '1.031'}
{'loss': '0.333', 'grad_norm': '0.3571', 'learning_rate': '9.458e-05', 'epoch': '1.031'}
{'loss': '0.333', 'grad_norm': '0.389', 'learning_rate': '9.455e-05', 'epoch': '1.032'}
{'loss': '0.3322', 'grad_norm': '0.3234', 'learning_rate': '9.453e-05', 'epoch': '1.032'}
{'loss': '0.3342', 'grad_norm': '0.3901', 'learning_rate': '9.45e-05', 'epoch': '1.032'}
{'loss': '0.3207', 'grad_norm': '0.301', 'learning_rate': '9.447e-05', 'epoch': '1.033'}
{'loss': '0.3312', 'grad_norm': '0.3702', 'learning_rate': '9.445e-05', 'epoch': '1.033'}
{'loss': '0.3189', 'grad_norm': '0.349', 'learning_rate': '9.442e-05', 'epoch': '1.033'}
{'loss': '0.3452', 'grad_norm': '0.4088', 'learning_rate': '9.439e-05', 'epoch': '1.034'}
{'loss': '0.3191', 'grad_norm': '0.3261', 'learning_rate': '9.437e-05', 'epoch': '1.034'}
{'loss': '0.3009', 'grad_norm': '0.4227', 'learning_rate': '9.434e-05', 'epoch': '1.034'}
{'loss': '0.312', 'grad_norm': '0.3577', 'learning_rate': '9.431e-05', 'epoch': '1.035'}
{'loss': '0.3174', 'grad_norm': '0.3983', 'learning_rate': '9.429e-05', 'epoch': '1.035'}
{'loss': '0.3138', 'grad_norm': '0.3544', 'learning_rate': '9.426e-05', 'epoch': '1.035'}
{'loss': '0.307', 'grad_norm': '0.2513', 'learning_rate': '9.423e-05', 'epoch': '1.036'}
{'loss': '0.3284', 'grad_norm': '0.2175', 'learning_rate': '9.42e-05', 'epoch': '1.036'}
{'loss': '0.3245', 'grad_norm': '0.3713', 'learning_rate': '9.418e-05', 'epoch': '1.036'}
{'loss': '0.3302', 'grad_norm': '0.2784', 'learning_rate': '9.415e-05', 'epoch': '1.037'}
{'loss': '0.3403', 'grad_norm': '0.3013', 'learning_rate': '9.412e-05', 'epoch': '1.037'}
{'loss': '0.3006', 'grad_norm': '0.3185', 'learning_rate': '9.41e-05', 'epoch': '1.037'}
{'loss': '0.3127', 'grad_norm': '0.4349', 'learning_rate': '9.407e-05', 'epoch': '1.038'}
{'loss': '0.3033', 'grad_norm': '0.3776', 'learning_rate': '9.404e-05', 'epoch': '1.038'}
{'loss': '0.3326', 'grad_norm': '0.3211', 'learning_rate': '9.401e-05', 'epoch': '1.038'}
{'loss': '0.3218', 'grad_norm': '0.2422', 'learning_rate': '9.399e-05', 'epoch': '1.039'}
{'loss': '0.3348', 'grad_norm': '0.3786', 'learning_rate': '9.396e-05', 'epoch': '1.039'}
{'loss': '0.3337', 'grad_norm': '0.384', 'learning_rate': '9.393e-05', 'epoch': '1.039'}
{'loss': '0.3199', 'grad_norm': '0.379', 'learning_rate': '9.39e-05', 'epoch': '1.04'}
{'loss': '0.32', 'grad_norm': '0.2552', 'learning_rate': '9.387e-05', 'epoch': '1.04'}
{'loss': '0.2968', 'grad_norm': '0.3382', 'learning_rate': '9.385e-05', 'epoch': '1.04'}
{'loss': '0.3264', 'grad_norm': '0.3203', 'learning_rate': '9.382e-05', 'epoch': '1.041'}
{'loss': '0.3128', 'grad_norm': '0.3136', 'learning_rate': '9.379e-05', 'epoch': '1.041'}
{'loss': '0.33', 'grad_norm': '0.2525', 'learning_rate': '9.376e-05', 'epoch': '1.041'}
{'loss': '0.3146', 'grad_norm': '0.3003', 'learning_rate': '9.373e-05', 'epoch': '1.042'}
{'loss': '0.2984', 'grad_norm': '0.3758', 'learning_rate': '9.371e-05', 'epoch': '1.042'}
{'loss': '0.31', 'grad_norm': '0.4194', 'learning_rate': '9.368e-05', 'epoch': '1.042'}
{'loss': '0.331', 'grad_norm': '0.3665', 'learning_rate': '9.365e-05', 'epoch': '1.043'}
{'loss': '0.3209', 'grad_norm': '0.3237', 'learning_rate': '9.362e-05', 'epoch': '1.043'}
{'loss': '0.3026', 'grad_norm': '0.3678', 'learning_rate': '9.359e-05', 'epoch': '1.043'}
{'loss': '0.3201', 'grad_norm': '0.3978', 'learning_rate': '9.356e-05', 'epoch': '1.044'}
{'loss': '0.3263', 'grad_norm': '0.3576', 'learning_rate': '9.353e-05', 'epoch': '1.044'}
{'loss': '0.3127', 'grad_norm': '0.3402', 'learning_rate': '9.351e-05', 'epoch': '1.044'}
{'loss': '0.3217', 'grad_norm': '0.3614', 'learning_rate': '9.348e-05', 'epoch': '1.045'}
{'loss': '0.3032', 'grad_norm': '0.2476', 'learning_rate': '9.345e-05', 'epoch': '1.045'}
{'loss': '0.3228', 'grad_norm': '0.2461', 'learning_rate': '9.342e-05', 'epoch': '1.045'}
{'loss': '0.3237', 'grad_norm': '0.3894', 'learning_rate': '9.339e-05', 'epoch': '1.046'}
{'loss': '0.3047', 'grad_norm': '0.4012', 'learning_rate': '9.336e-05', 'epoch': '1.046'}
{'loss': '0.3152', 'grad_norm': '0.3006', 'learning_rate': '9.333e-05', 'epoch': '1.046'}
{'loss': '0.3189', 'grad_norm': '0.3499', 'learning_rate': '9.33e-05', 'epoch': '1.047'}
{'eval_loss': '0.3636', 'eval_runtime': '31.84', 'eval_samples_per_second': '64.32', 'eval_steps_per_second': '2.01', 'epoch': '1.047'}
{'loss': '0.315', 'grad_norm': '0.4449', 'learning_rate': '9.328e-05', 'epoch': '1.047'}
{'loss': '0.3191', 'grad_norm': '0.2524', 'learning_rate': '9.325e-05', 'epoch': '1.047'}
{'loss': '0.3118', 'grad_norm': '0.3898', 'learning_rate': '9.322e-05', 'epoch': '1.048'}
{'loss': '0.324', 'grad_norm': '0.3471', 'learning_rate': '9.319e-05', 'epoch': '1.048'}
{'loss': '0.3026', 'grad_norm': '0.3541', 'learning_rate': '9.316e-05', 'epoch': '1.048'}
{'loss': '0.3209', 'grad_norm': '0.3824', 'learning_rate': '9.313e-05', 'epoch': '1.049'}
{'loss': '0.3249', 'grad_norm': '0.4042', 'learning_rate': '9.31e-05', 'epoch': '1.049'}
{'loss': '0.3343', 'grad_norm': '0.378', 'learning_rate': '9.307e-05', 'epoch': '1.049'}
{'loss': '0.3317', 'grad_norm': '0.3222', 'learning_rate': '9.304e-05', 'epoch': '1.05'}
{'loss': '0.2934', 'grad_norm': '0.272', 'learning_rate': '9.301e-05', 'epoch': '1.05'}
{'loss': '0.3141', 'grad_norm': '0.2932', 'learning_rate': '9.298e-05', 'epoch': '1.05'}
{'loss': '0.3086', 'grad_norm': '0.455', 'learning_rate': '9.295e-05', 'epoch': '1.051'}
{'loss': '0.3137', 'grad_norm': '0.322', 'learning_rate': '9.292e-05', 'epoch': '1.051'}
{'loss': '0.3388', 'grad_norm': '0.4379', 'learning_rate': '9.289e-05', 'epoch': '1.051'}
{'loss': '0.3207', 'grad_norm': '0.2535', 'learning_rate': '9.286e-05', 'epoch': '1.052'}
{'loss': '0.3251', 'grad_norm': '0.3529', 'learning_rate': '9.283e-05', 'epoch': '1.052'}
{'loss': '0.3085', 'grad_norm': '0.2493', 'learning_rate': '9.28e-05', 'epoch': '1.052'}
{'loss': '0.3194', 'grad_norm': '0.4542', 'learning_rate': '9.277e-05', 'epoch': '1.053'}
{'loss': '0.321', 'grad_norm': '0.4122', 'learning_rate': '9.274e-05', 'epoch': '1.053'}
{'loss': '0.3297', 'grad_norm': '0.2819', 'learning_rate': '9.271e-05', 'epoch': '1.053'}
{'loss': '0.3066', 'grad_norm': '0.291', 'learning_rate': '9.268e-05', 'epoch': '1.054'}
{'loss': '0.324', 'grad_norm': '0.2256', 'learning_rate': '9.265e-05', 'epoch': '1.054'}
{'loss': '0.3057', 'grad_norm': '0.3338', 'learning_rate': '9.262e-05', 'epoch': '1.054'}
{'loss': '0.3016', 'grad_norm': '0.3854', 'learning_rate': '9.259e-05', 'epoch': '1.055'}
{'loss': '0.3182', 'grad_norm': '0.2851', 'learning_rate': '9.256e-05', 'epoch': '1.055'}
{'loss': '0.3358', 'grad_norm': '0.3029', 'learning_rate': '9.253e-05', 'epoch': '1.055'}
{'loss': '0.3047', 'grad_norm': '0.2423', 'learning_rate': '9.25e-05', 'epoch': '1.056'}
{'loss': '0.307', 'grad_norm': '0.2736', 'learning_rate': '9.247e-05', 'epoch': '1.056'}
{'loss': '0.3221', 'grad_norm': '0.3648', 'learning_rate': '9.244e-05', 'epoch': '1.056'}
{'loss': '0.3227', 'grad_norm': '0.3926', 'learning_rate': '9.241e-05', 'epoch': '1.057'}
{'loss': '0.3259', 'grad_norm': '0.3177', 'learning_rate': '9.237e-05', 'epoch': '1.057'}
{'loss': '0.3229', 'grad_norm': '0.3912', 'learning_rate': '9.234e-05', 'epoch': '1.057'}
{'loss': '0.3119', 'grad_norm': '0.3859', 'learning_rate': '9.231e-05', 'epoch': '1.058'}
{'loss': '0.3101', 'grad_norm': '0.2327', 'learning_rate': '9.228e-05', 'epoch': '1.058'}
{'loss': '0.3127', 'grad_norm': '0.397', 'learning_rate': '9.225e-05', 'epoch': '1.058'}
{'loss': '0.2889', 'grad_norm': '0.3336', 'learning_rate': '9.222e-05', 'epoch': '1.059'}
{'loss': '0.3109', 'grad_norm': '0.3146', 'learning_rate': '9.219e-05', 'epoch': '1.059'}
{'loss': '0.3012', 'grad_norm': '0.3616', 'learning_rate': '9.216e-05', 'epoch': '1.059'}
{'loss': '0.3252', 'grad_norm': '0.4127', 'learning_rate': '9.213e-05', 'epoch': '1.06'}
{'loss': '0.3187', 'grad_norm': '0.3', 'learning_rate': '9.209e-05', 'epoch': '1.06'}
{'loss': '0.3118', 'grad_norm': '0.3466', 'learning_rate': '9.206e-05', 'epoch': '1.06'}
{'loss': '0.3187', 'grad_norm': '0.3338', 'learning_rate': '9.203e-05', 'epoch': '1.061'}
{'loss': '0.3412', 'grad_norm': '0.3303', 'learning_rate': '9.2e-05', 'epoch': '1.061'}
{'loss': '0.3129', 'grad_norm': '0.3635', 'learning_rate': '9.197e-05', 'epoch': '1.061'}
{'loss': '0.3278', 'grad_norm': '0.3871', 'learning_rate': '9.194e-05', 'epoch': '1.062'}
{'loss': '0.321', 'grad_norm': '0.3295', 'learning_rate': '9.19e-05', 'epoch': '1.062'}
{'loss': '0.3126', 'grad_norm': '0.3793', 'learning_rate': '9.187e-05', 'epoch': '1.062'}
{'loss': '0.3177', 'grad_norm': '0.3662', 'learning_rate': '9.184e-05', 'epoch': '1.063'}
{'loss': '0.3134', 'grad_norm': '0.3399', 'learning_rate': '9.181e-05', 'epoch': '1.063'}
{'loss': '0.32', 'grad_norm': '0.4284', 'learning_rate': '9.178e-05', 'epoch': '1.063'}
{'eval_loss': '0.3634', 'eval_runtime': '32.09', 'eval_samples_per_second': '63.81', 'eval_steps_per_second': '1.994', 'epoch': '1.063'}
{'loss': '0.3113', 'grad_norm': '0.3136', 'learning_rate': '9.175e-05', 'epoch': '1.064'}
{'loss': '0.3231', 'grad_norm': '0.3044', 'learning_rate': '9.171e-05', 'epoch': '1.064'}
{'loss': '0.3173', 'grad_norm': '0.2782', 'learning_rate': '9.168e-05', 'epoch': '1.064'}
{'loss': '0.3288', 'grad_norm': '0.3473', 'learning_rate': '9.165e-05', 'epoch': '1.065'}
{'loss': '0.3133', 'grad_norm': '0.3158', 'learning_rate': '9.162e-05', 'epoch': '1.065'}
{'loss': '0.3188', 'grad_norm': '0.3298', 'learning_rate': '9.158e-05', 'epoch': '1.065'}
{'loss': '0.3091', 'grad_norm': '0.2015', 'learning_rate': '9.155e-05', 'epoch': '1.066'}
{'loss': '0.3183', 'grad_norm': '0.3528', 'learning_rate': '9.152e-05', 'epoch': '1.066'}
{'loss': '0.3274', 'grad_norm': '0.3849', 'learning_rate': '9.149e-05', 'epoch': '1.066'}
{'loss': '0.3019', 'grad_norm': '0.2886', 'learning_rate': '9.146e-05', 'epoch': '1.067'}
{'loss': '0.3353', 'grad_norm': '0.2872', 'learning_rate': '9.142e-05', 'epoch': '1.067'}
{'loss': '0.3385', 'grad_norm': '0.3443', 'learning_rate': '9.139e-05', 'epoch': '1.067'}
{'loss': '0.3319', 'grad_norm': '0.2551', 'learning_rate': '9.136e-05', 'epoch': '1.068'}
{'loss': '0.3221', 'grad_norm': '0.3886', 'learning_rate': '9.132e-05', 'epoch': '1.068'}
{'loss': '0.3272', 'grad_norm': '0.358', 'learning_rate': '9.129e-05', 'epoch': '1.068'}
{'loss': '0.3207', 'grad_norm': '0.3051', 'learning_rate': '9.126e-05', 'epoch': '1.069'}
{'loss': '0.3222', 'grad_norm': '0.3563', 'learning_rate': '9.123e-05', 'epoch': '1.069'}
{'loss': '0.332', 'grad_norm': '0.4868', 'learning_rate': '9.119e-05', 'epoch': '1.069'}
{'loss': '0.2936', 'grad_norm': '0.4251', 'learning_rate': '9.116e-05', 'epoch': '1.07'}
{'loss': '0.305', 'grad_norm': '0.3508', 'learning_rate': '9.113e-05', 'epoch': '1.07'}
{'loss': '0.3222', 'grad_norm': '0.308', 'learning_rate': '9.109e-05', 'epoch': '1.07'}
{'loss': '0.3278', 'grad_norm': '0.3676', 'learning_rate': '9.106e-05', 'epoch': '1.071'}
{'loss': '0.3166', 'grad_norm': '0.4081', 'learning_rate': '9.103e-05', 'epoch': '1.071'}
{'loss': '0.3294', 'grad_norm': '0.2835', 'learning_rate': '9.099e-05', 'epoch': '1.071'}
{'loss': '0.308', 'grad_norm': '0.357', 'learning_rate': '9.096e-05', 'epoch': '1.072'}
{'loss': '0.3285', 'grad_norm': '0.3296', 'learning_rate': '9.093e-05', 'epoch': '1.072'}
{'loss': '0.3101', 'grad_norm': '0.3518', 'learning_rate': '9.089e-05', 'epoch': '1.072'}
{'loss': '0.307', 'grad_norm': '0.3455', 'learning_rate': '9.086e-05', 'epoch': '1.073'}
{'loss': '0.321', 'grad_norm': '0.3449', 'learning_rate': '9.083e-05', 'epoch': '1.073'}
{'loss': '0.3113', 'grad_norm': '0.3464', 'learning_rate': '9.079e-05', 'epoch': '1.073'}
{'loss': '0.3276', 'grad_norm': '0.3244', 'learning_rate': '9.076e-05', 'epoch': '1.074'}
{'loss': '0.3115', 'grad_norm': '0.4127', 'learning_rate': '9.073e-05', 'epoch': '1.074'}
{'loss': '0.3234', 'grad_norm': '0.3483', 'learning_rate': '9.069e-05', 'epoch': '1.074'}
{'loss': '0.2947', 'grad_norm': '0.2917', 'learning_rate': '9.066e-05', 'epoch': '1.075'}
{'loss': '0.3344', 'grad_norm': '0.3294', 'learning_rate': '9.062e-05', 'epoch': '1.075'}
{'loss': '0.3094', 'grad_norm': '0.3581', 'learning_rate': '9.059e-05', 'epoch': '1.075'}
{'loss': '0.3175', 'grad_norm': '0.3421', 'learning_rate': '9.056e-05', 'epoch': '1.076'}
{'loss': '0.3032', 'grad_norm': '0.3454', 'learning_rate': '9.052e-05', 'epoch': '1.076'}
{'loss': '0.3193', 'grad_norm': '0.4269', 'learning_rate': '9.049e-05', 'epoch': '1.076'}
{'loss': '0.3062', 'grad_norm': '0.3467', 'learning_rate': '9.045e-05', 'epoch': '1.077'}
{'loss': '0.3222', 'grad_norm': '0.4034', 'learning_rate': '9.042e-05', 'epoch': '1.077'}
{'loss': '0.3142', 'grad_norm': '0.2847', 'learning_rate': '9.039e-05', 'epoch': '1.077'}
{'loss': '0.3121', 'grad_norm': '0.4336', 'learning_rate': '9.035e-05', 'epoch': '1.078'}
{'loss': '0.3398', 'grad_norm': '0.3708', 'learning_rate': '9.032e-05', 'epoch': '1.078'}
{'loss': '0.3099', 'grad_norm': '0.2744', 'learning_rate': '9.028e-05', 'epoch': '1.078'}
{'loss': '0.3316', 'grad_norm': '0.2889', 'learning_rate': '9.025e-05', 'epoch': '1.079'}
{'loss': '0.3034', 'grad_norm': '0.408', 'learning_rate': '9.021e-05', 'epoch': '1.079'}
{'loss': '0.3038', 'grad_norm': '0.3082', 'learning_rate': '9.018e-05', 'epoch': '1.079'}
{'loss': '0.3164', 'grad_norm': '0.3443', 'learning_rate': '9.014e-05', 'epoch': '1.08'}
{'loss': '0.3063', 'grad_norm': '0.328', 'learning_rate': '9.011e-05', 'epoch': '1.08'}
{'eval_loss': '0.3642', 'eval_runtime': '32.22', 'eval_samples_per_second': '63.57', 'eval_steps_per_second': '1.986', 'epoch': '1.08'}
{'loss': '0.3075', 'grad_norm': '0.3562', 'learning_rate': '9.007e-05', 'epoch': '1.08'}
{'loss': '0.3234', 'grad_norm': '0.3473', 'learning_rate': '9.004e-05', 'epoch': '1.081'}
{'loss': '0.3192', 'grad_norm': '0.4201', 'learning_rate': '9.001e-05', 'epoch': '1.081'}
{'loss': '0.3039', 'grad_norm': '0.273', 'learning_rate': '8.997e-05', 'epoch': '1.081'}
{'loss': '0.3288', 'grad_norm': '0.277', 'learning_rate': '8.994e-05', 'epoch': '1.082'}
{'loss': '0.3097', 'grad_norm': '0.3623', 'learning_rate': '8.99e-05', 'epoch': '1.082'}
{'loss': '0.3024', 'grad_norm': '0.3354', 'learning_rate': '8.987e-05', 'epoch': '1.082'}
{'loss': '0.3266', 'grad_norm': '0.3559', 'learning_rate': '8.983e-05', 'epoch': '1.083'}
{'loss': '0.3111', 'grad_norm': '0.2691', 'learning_rate': '8.979e-05', 'epoch': '1.083'}
{'loss': '0.3102', 'grad_norm': '0.4018', 'learning_rate': '8.976e-05', 'epoch': '1.083'}
{'loss': '0.3085', 'grad_norm': '0.3042', 'learning_rate': '8.972e-05', 'epoch': '1.084'}
{'loss': '0.3107', 'grad_norm': '0.3798', 'learning_rate': '8.969e-05', 'epoch': '1.084'}
{'loss': '0.3362', 'grad_norm': '0.384', 'learning_rate': '8.965e-05', 'epoch': '1.084'}
{'loss': '0.3177', 'grad_norm': '0.3013', 'learning_rate': '8.962e-05', 'epoch': '1.085'}
{'loss': '0.3275', 'grad_norm': '0.433', 'learning_rate': '8.958e-05', 'epoch': '1.085'}
{'loss': '0.3173', 'grad_norm': '0.2944', 'learning_rate': '8.955e-05', 'epoch': '1.085'}
{'loss': '0.3327', 'grad_norm': '0.6275', 'learning_rate': '8.951e-05', 'epoch': '1.086'}
{'loss': '0.3223', 'grad_norm': '0.2745', 'learning_rate': '8.948e-05', 'epoch': '1.086'}
{'loss': '0.3066', 'grad_norm': '0.4988', 'learning_rate': '8.944e-05', 'epoch': '1.086'}
{'loss': '0.3225', 'grad_norm': '0.403', 'learning_rate': '8.94e-05', 'epoch': '1.087'}
{'loss': '0.2968', 'grad_norm': '0.3452', 'learning_rate': '8.937e-05', 'epoch': '1.087'}
{'loss': '0.2988', 'grad_norm': '0.3485', 'learning_rate': '8.933e-05', 'epoch': '1.087'}
{'loss': '0.3229', 'grad_norm': '0.3416', 'learning_rate': '8.93e-05', 'epoch': '1.088'}
{'loss': '0.3072', 'grad_norm': '0.2696', 'learning_rate': '8.926e-05', 'epoch': '1.088'}
{'loss': '0.3176', 'grad_norm': '0.3976', 'learning_rate': '8.922e-05', 'epoch': '1.088'}
{'loss': '0.3227', 'grad_norm': '0.6221', 'learning_rate': '8.919e-05', 'epoch': '1.089'}
{'loss': '0.3157', 'grad_norm': '0.2984', 'learning_rate': '8.915e-05', 'epoch': '1.089'}
{'loss': '0.3193', 'grad_norm': '0.2552', 'learning_rate': '8.912e-05', 'epoch': '1.089'}
{'loss': '0.306', 'grad_norm': '0.3448', 'learning_rate': '8.908e-05', 'epoch': '1.09'}
{'loss': '0.2938', 'grad_norm': '0.2397', 'learning_rate': '8.904e-05', 'epoch': '1.09'}
{'loss': '0.3107', 'grad_norm': '0.4068', 'learning_rate': '8.901e-05', 'epoch': '1.09'}
{'loss': '0.328', 'grad_norm': '0.2984', 'learning_rate': '8.897e-05', 'epoch': '1.091'}
{'loss': '0.3115', 'grad_norm': '0.3306', 'learning_rate': '8.893e-05', 'epoch': '1.091'}
{'loss': '0.3164', 'grad_norm': '0.3355', 'learning_rate': '8.89e-05', 'epoch': '1.091'}
{'loss': '0.3172', 'grad_norm': '0.3308', 'learning_rate': '8.886e-05', 'epoch': '1.092'}
{'loss': '0.3212', 'grad_norm': '0.4515', 'learning_rate': '8.882e-05', 'epoch': '1.092'}
{'loss': '0.3371', 'grad_norm': '0.3494', 'learning_rate': '8.879e-05', 'epoch': '1.092'}
{'loss': '0.3137', 'grad_norm': '0.3235', 'learning_rate': '8.875e-05', 'epoch': '1.093'}
{'loss': '0.31', 'grad_norm': '0.282', 'learning_rate': '8.871e-05', 'epoch': '1.093'}
{'loss': '0.31', 'grad_norm': '0.3079', 'learning_rate': '8.868e-05', 'epoch': '1.093'}
{'loss': '0.3255', 'grad_norm': '0.3708', 'learning_rate': '8.864e-05', 'epoch': '1.094'}
{'loss': '0.3247', 'grad_norm': '0.3476', 'learning_rate': '8.86e-05', 'epoch': '1.094'}
{'loss': '0.3037', 'grad_norm': '0.2296', 'learning_rate': '8.857e-05', 'epoch': '1.094'}
{'loss': '0.3304', 'grad_norm': '0.3373', 'learning_rate': '8.853e-05', 'epoch': '1.095'}
{'loss': '0.3117', 'grad_norm': '0.3276', 'learning_rate': '8.849e-05', 'epoch': '1.095'}
{'loss': '0.3295', 'grad_norm': '0.3475', 'learning_rate': '8.846e-05', 'epoch': '1.095'}
{'loss': '0.3189', 'grad_norm': '0.4352', 'learning_rate': '8.842e-05', 'epoch': '1.096'}
{'loss': '0.2946', 'grad_norm': '0.3593', 'learning_rate': '8.838e-05', 'epoch': '1.096'}
{'loss': '0.311', 'grad_norm': '0.3589', 'learning_rate': '8.834e-05', 'epoch': '1.096'}
{'loss': '0.3119', 'grad_norm': '0.3344', 'learning_rate': '8.831e-05', 'epoch': '1.097'}
{'eval_loss': '0.3596', 'eval_runtime': '32.03', 'eval_samples_per_second': '63.94', 'eval_steps_per_second': '1.998', 'epoch': '1.097'}
{'loss': '0.3158', 'grad_norm': '0.2214', 'learning_rate': '8.827e-05', 'epoch': '1.097'}
{'loss': '0.3216', 'grad_norm': '0.3615', 'learning_rate': '8.823e-05', 'epoch': '1.097'}
{'loss': '0.3114', 'grad_norm': '0.316', 'learning_rate': '8.819e-05', 'epoch': '1.098'}
{'loss': '0.3095', 'grad_norm': '0.217', 'learning_rate': '8.816e-05', 'epoch': '1.098'}
{'loss': '0.3176', 'grad_norm': '0.3391', 'learning_rate': '8.812e-05', 'epoch': '1.098'}
{'loss': '0.3002', 'grad_norm': '0.3202', 'learning_rate': '8.808e-05', 'epoch': '1.099'}
{'loss': '0.3052', 'grad_norm': '0.325', 'learning_rate': '8.804e-05', 'epoch': '1.099'}
{'loss': '0.3083', 'grad_norm': '0.2905', 'learning_rate': '8.801e-05', 'epoch': '1.099'}
{'loss': '0.3244', 'grad_norm': '0.3288', 'learning_rate': '8.797e-05', 'epoch': '1.1'}
{'loss': '0.3022', 'grad_norm': '0.3422', 'learning_rate': '8.793e-05', 'epoch': '1.1'}
{'loss': '0.3313', 'grad_norm': '0.3124', 'learning_rate': '8.789e-05', 'epoch': '1.1'}
{'loss': '0.3163', 'grad_norm': '0.4764', 'learning_rate': '8.785e-05', 'epoch': '1.101'}
{'loss': '0.3057', 'grad_norm': '0.4041', 'learning_rate': '8.782e-05', 'epoch': '1.101'}
{'loss': '0.3242', 'grad_norm': '0.2977', 'learning_rate': '8.778e-05', 'epoch': '1.101'}
{'loss': '0.3159', 'grad_norm': '0.3564', 'learning_rate': '8.774e-05', 'epoch': '1.102'}
{'loss': '0.3254', 'grad_norm': '0.3472', 'learning_rate': '8.77e-05', 'epoch': '1.102'}
{'loss': '0.3103', 'grad_norm': '0.3438', 'learning_rate': '8.766e-05', 'epoch': '1.102'}
{'loss': '0.2992', 'grad_norm': '0.2847', 'learning_rate': '8.762e-05', 'epoch': '1.103'}
{'loss': '0.326', 'grad_norm': '0.3676', 'learning_rate': '8.759e-05', 'epoch': '1.103'}
{'loss': '0.3308', 'grad_norm': '0.3365', 'learning_rate': '8.755e-05', 'epoch': '1.103'}
{'loss': '0.3156', 'grad_norm': '0.3711', 'learning_rate': '8.751e-05', 'epoch': '1.104'}
{'loss': '0.3087', 'grad_norm': '0.3578', 'learning_rate': '8.747e-05', 'epoch': '1.104'}
{'loss': '0.3143', 'grad_norm': '0.326', 'learning_rate': '8.743e-05', 'epoch': '1.104'}
{'loss': '0.303', 'grad_norm': '0.3055', 'learning_rate': '8.739e-05', 'epoch': '1.105'}
{'loss': '0.3067', 'grad_norm': '0.3032', 'learning_rate': '8.736e-05', 'epoch': '1.105'}
{'loss': '0.3041', 'grad_norm': '0.3864', 'learning_rate': '8.732e-05', 'epoch': '1.105'}
{'loss': '0.2857', 'grad_norm': '0.2433', 'learning_rate': '8.728e-05', 'epoch': '1.106'}
{'loss': '0.2905', 'grad_norm': '0.431', 'learning_rate': '8.724e-05', 'epoch': '1.106'}
{'loss': '0.3099', 'grad_norm': '0.4431', 'learning_rate': '8.72e-05', 'epoch': '1.106'}
{'loss': '0.3089', 'grad_norm': '0.3128', 'learning_rate': '8.716e-05', 'epoch': '1.107'}
{'loss': '0.3093', 'grad_norm': '0.2901', 'learning_rate': '8.712e-05', 'epoch': '1.107'}
{'loss': '0.2876', 'grad_norm': '0.3068', 'learning_rate': '8.708e-05', 'epoch': '1.107'}
{'loss': '0.2931', 'grad_norm': '0.4225', 'learning_rate': '8.704e-05', 'epoch': '1.108'}
{'loss': '0.302', 'grad_norm': '0.3465', 'learning_rate': '8.701e-05', 'epoch': '1.108'}
{'loss': '0.3224', 'grad_norm': '0.3835', 'learning_rate': '8.697e-05', 'epoch': '1.108'}
{'loss': '0.3278', 'grad_norm': '0.3281', 'learning_rate': '8.693e-05', 'epoch': '1.109'}
{'loss': '0.3215', 'grad_norm': '0.3099', 'learning_rate': '8.689e-05', 'epoch': '1.109'}
{'loss': '0.334', 'grad_norm': '0.2086', 'learning_rate': '8.685e-05', 'epoch': '1.109'}
{'loss': '0.2935', 'grad_norm': '0.381', 'learning_rate': '8.681e-05', 'epoch': '1.11'}
{'loss': '0.3081', 'grad_norm': '0.3633', 'learning_rate': '8.677e-05', 'epoch': '1.11'}
{'loss': '0.3025', 'grad_norm': '0.2747', 'learning_rate': '8.673e-05', 'epoch': '1.11'}
{'loss': '0.3175', 'grad_norm': '0.4116', 'learning_rate': '8.669e-05', 'epoch': '1.111'}
{'loss': '0.2984', 'grad_norm': '0.2238', 'learning_rate': '8.665e-05', 'epoch': '1.111'}
{'loss': '0.2992', 'grad_norm': '0.2682', 'learning_rate': '8.661e-05', 'epoch': '1.111'}
{'loss': '0.3443', 'grad_norm': '0.3724', 'learning_rate': '8.657e-05', 'epoch': '1.112'}
{'loss': '0.3127', 'grad_norm': '0.2901', 'learning_rate': '8.653e-05', 'epoch': '1.112'}
{'loss': '0.3209', 'grad_norm': '0.3906', 'learning_rate': '8.649e-05', 'epoch': '1.112'}
{'loss': '0.3137', 'grad_norm': '0.3105', 'learning_rate': '8.645e-05', 'epoch': '1.113'}
{'loss': '0.3214', 'grad_norm': '0.3514', 'learning_rate': '8.641e-05', 'epoch': '1.113'}
{'loss': '0.3203', 'grad_norm': '0.3765', 'learning_rate': '8.637e-05', 'epoch': '1.113'}
{'eval_loss': '0.3607', 'eval_runtime': '32.14', 'eval_samples_per_second': '63.73', 'eval_steps_per_second': '1.991', 'epoch': '1.113'}
{'loss': '0.3007', 'grad_norm': '0.2051', 'learning_rate': '8.633e-05', 'epoch': '1.114'}
{'loss': '0.3256', 'grad_norm': '0.391', 'learning_rate': '8.629e-05', 'epoch': '1.114'}
{'loss': '0.3247', 'grad_norm': '0.3972', 'learning_rate': '8.625e-05', 'epoch': '1.114'}
{'loss': '0.3', 'grad_norm': '0.2632', 'learning_rate': '8.621e-05', 'epoch': '1.115'}
{'loss': '0.3047', 'grad_norm': '0.3337', 'learning_rate': '8.617e-05', 'epoch': '1.115'}
{'loss': '0.3174', 'grad_norm': '0.335', 'learning_rate': '8.613e-05', 'epoch': '1.115'}
{'loss': '0.3235', 'grad_norm': '0.2957', 'learning_rate': '8.609e-05', 'epoch': '1.116'}
{'loss': '0.2827', 'grad_norm': '0.2642', 'learning_rate': '8.605e-05', 'epoch': '1.116'}
{'loss': '0.3117', 'grad_norm': '0.4047', 'learning_rate': '8.601e-05', 'epoch': '1.116'}
{'loss': '0.309', 'grad_norm': '0.3612', 'learning_rate': '8.597e-05', 'epoch': '1.117'}
{'loss': '0.3202', 'grad_norm': '0.4096', 'learning_rate': '8.593e-05', 'epoch': '1.117'}
{'loss': '0.302', 'grad_norm': '0.4304', 'learning_rate': '8.589e-05', 'epoch': '1.117'}
{'loss': '0.3049', 'grad_norm': '0.2952', 'learning_rate': '8.585e-05', 'epoch': '1.118'}
{'loss': '0.3056', 'grad_norm': '0.3212', 'learning_rate': '8.581e-05', 'epoch': '1.118'}
{'loss': '0.323', 'grad_norm': '0.3406', 'learning_rate': '8.577e-05', 'epoch': '1.118'}
{'loss': '0.3084', 'grad_norm': '0.3293', 'learning_rate': '8.573e-05', 'epoch': '1.119'}
{'loss': '0.3064', 'grad_norm': '0.365', 'learning_rate': '8.569e-05', 'epoch': '1.119'}
{'loss': '0.314', 'grad_norm': '0.3692', 'learning_rate': '8.565e-05', 'epoch': '1.119'}
{'loss': '0.3235', 'grad_norm': '0.3204', 'learning_rate': '8.561e-05', 'epoch': '1.12'}
{'loss': '0.326', 'grad_norm': '0.3678', 'learning_rate': '8.556e-05', 'epoch': '1.12'}
{'loss': '0.3054', 'grad_norm': '0.3461', 'learning_rate': '8.552e-05', 'epoch': '1.12'}
{'loss': '0.3141', 'grad_norm': '0.3009', 'learning_rate': '8.548e-05', 'epoch': '1.121'}
{'loss': '0.3079', 'grad_norm': '0.3228', 'learning_rate': '8.544e-05', 'epoch': '1.121'}
{'loss': '0.2936', 'grad_norm': '0.3385', 'learning_rate': '8.54e-05', 'epoch': '1.121'}
{'loss': '0.3079', 'grad_norm': '0.3643', 'learning_rate': '8.536e-05', 'epoch': '1.122'}
{'loss': '0.3182', 'grad_norm': '0.3444', 'learning_rate': '8.532e-05', 'epoch': '1.122'}
{'loss': '0.3117', 'grad_norm': '0.3299', 'learning_rate': '8.528e-05', 'epoch': '1.122'}
{'loss': '0.3109', 'grad_norm': '0.334', 'learning_rate': '8.524e-05', 'epoch': '1.123'}
{'loss': '0.3196', 'grad_norm': '0.3468', 'learning_rate': '8.519e-05', 'epoch': '1.123'}
{'loss': '0.3309', 'grad_norm': '0.3966', 'learning_rate': '8.515e-05', 'epoch': '1.123'}
{'loss': '0.3046', 'grad_norm': '0.3041', 'learning_rate': '8.511e-05', 'epoch': '1.124'}
{'loss': '0.3129', 'grad_norm': '0.3118', 'learning_rate': '8.507e-05', 'epoch': '1.124'}
{'loss': '0.3165', 'grad_norm': '0.3425', 'learning_rate': '8.503e-05', 'epoch': '1.124'}
{'loss': '0.3318', 'grad_norm': '0.3563', 'learning_rate': '8.499e-05', 'epoch': '1.125'}
{'loss': '0.2847', 'grad_norm': '0.3799', 'learning_rate': '8.495e-05', 'epoch': '1.125'}
{'loss': '0.2826', 'grad_norm': '0.222', 'learning_rate': '8.49e-05', 'epoch': '1.125'}
{'loss': '0.2947', 'grad_norm': '0.3687', 'learning_rate': '8.486e-05', 'epoch': '1.126'}
{'loss': '0.3131', 'grad_norm': '0.2795', 'learning_rate': '8.482e-05', 'epoch': '1.126'}
{'loss': '0.2968', 'grad_norm': '0.3509', 'learning_rate': '8.478e-05', 'epoch': '1.126'}
{'loss': '0.316', 'grad_norm': '0.4002', 'learning_rate': '8.474e-05', 'epoch': '1.127'}
{'loss': '0.3018', 'grad_norm': '0.2815', 'learning_rate': '8.47e-05', 'epoch': '1.127'}
{'loss': '0.317', 'grad_norm': '0.3058', 'learning_rate': '8.465e-05', 'epoch': '1.127'}
{'loss': '0.306', 'grad_norm': '0.4019', 'learning_rate': '8.461e-05', 'epoch': '1.128'}
{'loss': '0.312', 'grad_norm': '0.3537', 'learning_rate': '8.457e-05', 'epoch': '1.128'}
{'loss': '0.3015', 'grad_norm': '0.3038', 'learning_rate': '8.453e-05', 'epoch': '1.128'}
{'loss': '0.305', 'grad_norm': '0.2645', 'learning_rate': '8.449e-05', 'epoch': '1.129'}
{'loss': '0.3071', 'grad_norm': '0.4799', 'learning_rate': '8.444e-05', 'epoch': '1.129'}
{'loss': '0.292', 'grad_norm': '0.2559', 'learning_rate': '8.44e-05', 'epoch': '1.129'}
{'loss': '0.3125', 'grad_norm': '0.3475', 'learning_rate': '8.436e-05', 'epoch': '1.13'}
{'loss': '0.3316', 'grad_norm': '0.284', 'learning_rate': '8.432e-05', 'epoch': '1.13'}
{'eval_loss': '0.3584', 'eval_runtime': '33.39', 'eval_samples_per_second': '61.34', 'eval_steps_per_second': '1.917', 'epoch': '1.13'}
{'loss': '0.2897', 'grad_norm': '0.2911', 'learning_rate': '8.427e-05', 'epoch': '1.13'}
{'loss': '0.2973', 'grad_norm': '0.379', 'learning_rate': '8.423e-05', 'epoch': '1.131'}
{'loss': '0.2904', 'grad_norm': '0.3374', 'learning_rate': '8.419e-05', 'epoch': '1.131'}
{'loss': '0.3279', 'grad_norm': '0.2742', 'learning_rate': '8.415e-05', 'epoch': '1.131'}
{'loss': '0.3285', 'grad_norm': '0.4282', 'learning_rate': '8.41e-05', 'epoch': '1.132'}
{'loss': '0.2954', 'grad_norm': '0.3382', 'learning_rate': '8.406e-05', 'epoch': '1.132'}
{'loss': '0.3198', 'grad_norm': '0.2792', 'learning_rate': '8.402e-05', 'epoch': '1.132'}
{'loss': '0.3185', 'grad_norm': '0.3861', 'learning_rate': '8.398e-05', 'epoch': '1.133'}
{'loss': '0.291', 'grad_norm': '0.453', 'learning_rate': '8.393e-05', 'epoch': '1.133'}
{'loss': '0.3035', 'grad_norm': '0.2928', 'learning_rate': '8.389e-05', 'epoch': '1.133'}
{'loss': '0.3052', 'grad_norm': '0.4495', 'learning_rate': '8.385e-05', 'epoch': '1.134'}
{'loss': '0.2861', 'grad_norm': '0.2561', 'learning_rate': '8.381e-05', 'epoch': '1.134'}
{'loss': '0.2957', 'grad_norm': '0.5087', 'learning_rate': '8.376e-05', 'epoch': '1.134'}
{'loss': '0.3216', 'grad_norm': '0.3817', 'learning_rate': '8.372e-05', 'epoch': '1.135'}
{'loss': '0.3112', 'grad_norm': '0.3066', 'learning_rate': '8.368e-05', 'epoch': '1.135'}
{'loss': '0.3046', 'grad_norm': '0.4135', 'learning_rate': '8.363e-05', 'epoch': '1.135'}
{'loss': '0.2966', 'grad_norm': '0.3989', 'learning_rate': '8.359e-05', 'epoch': '1.136'}
{'loss': '0.3048', 'grad_norm': '0.2957', 'learning_rate': '8.355e-05', 'epoch': '1.136'}
{'loss': '0.3052', 'grad_norm': '0.2742', 'learning_rate': '8.35e-05', 'epoch': '1.136'}
{'loss': '0.2945', 'grad_norm': '0.3399', 'learning_rate': '8.346e-05', 'epoch': '1.137'}
{'loss': '0.3048', 'grad_norm': '0.243', 'learning_rate': '8.342e-05', 'epoch': '1.137'}
{'loss': '0.3131', 'grad_norm': '0.2938', 'learning_rate': '8.337e-05', 'epoch': '1.137'}
{'loss': '0.3137', 'grad_norm': '0.3685', 'learning_rate': '8.333e-05', 'epoch': '1.138'}
{'loss': '0.3167', 'grad_norm': '0.3596', 'learning_rate': '8.329e-05', 'epoch': '1.138'}
{'loss': '0.2916', 'grad_norm': '0.3177', 'learning_rate': '8.324e-05', 'epoch': '1.138'}
{'loss': '0.3306', 'grad_norm': '0.4329', 'learning_rate': '8.32e-05', 'epoch': '1.139'}
{'loss': '0.317', 'grad_norm': '0.3346', 'learning_rate': '8.316e-05', 'epoch': '1.139'}
{'loss': '0.3045', 'grad_norm': '0.3436', 'learning_rate': '8.311e-05', 'epoch': '1.139'}
{'loss': '0.3244', 'grad_norm': '0.3862', 'learning_rate': '8.307e-05', 'epoch': '1.14'}
{'loss': '0.2895', 'grad_norm': '0.3509', 'learning_rate': '8.303e-05', 'epoch': '1.14'}
{'loss': '0.3065', 'grad_norm': '0.4319', 'learning_rate': '8.298e-05', 'epoch': '1.14'}
{'loss': '0.3095', 'grad_norm': '0.3108', 'learning_rate': '8.294e-05', 'epoch': '1.141'}
{'loss': '0.3006', 'grad_norm': '0.2576', 'learning_rate': '8.29e-05', 'epoch': '1.141'}
{'loss': '0.3036', 'grad_norm': '0.3755', 'learning_rate': '8.285e-05', 'epoch': '1.141'}
{'loss': '0.3132', 'grad_norm': '0.3918', 'learning_rate': '8.281e-05', 'epoch': '1.142'}
{'loss': '0.288', 'grad_norm': '0.3605', 'learning_rate': '8.276e-05', 'epoch': '1.142'}
{'loss': '0.3015', 'grad_norm': '0.3115', 'learning_rate': '8.272e-05', 'epoch': '1.142'}
{'loss': '0.3015', 'grad_norm': '0.3835', 'learning_rate': '8.268e-05', 'epoch': '1.143'}
{'loss': '0.3064', 'grad_norm': '0.3734', 'learning_rate': '8.263e-05', 'epoch': '1.143'}
{'loss': '0.2982', 'grad_norm': '0.3462', 'learning_rate': '8.259e-05', 'epoch': '1.143'}
{'loss': '0.3018', 'grad_norm': '0.4219', 'learning_rate': '8.254e-05', 'epoch': '1.144'}
{'loss': '0.3166', 'grad_norm': '0.4143', 'learning_rate': '8.25e-05', 'epoch': '1.144'}
{'loss': '0.3012', 'grad_norm': '0.2802', 'learning_rate': '8.245e-05', 'epoch': '1.144'}
{'loss': '0.284', 'grad_norm': '0.4031', 'learning_rate': '8.241e-05', 'epoch': '1.145'}
{'loss': '0.2947', 'grad_norm': '0.4016', 'learning_rate': '8.237e-05', 'epoch': '1.145'}
{'loss': '0.3085', 'grad_norm': '0.3953', 'learning_rate': '8.232e-05', 'epoch': '1.145'}
{'loss': '0.3054', 'grad_norm': '0.3325', 'learning_rate': '8.228e-05', 'epoch': '1.146'}
{'loss': '0.3196', 'grad_norm': '0.383', 'learning_rate': '8.223e-05', 'epoch': '1.146'}
{'loss': '0.3091', 'grad_norm': '0.3493', 'learning_rate': '8.219e-05', 'epoch': '1.146'}
{'loss': '0.2948', 'grad_norm': '0.3085', 'learning_rate': '8.214e-05', 'epoch': '1.147'}
{'eval_loss': '0.3591', 'eval_runtime': '33.64', 'eval_samples_per_second': '60.88', 'eval_steps_per_second': '1.902', 'epoch': '1.147'}
{'loss': '0.3194', 'grad_norm': '0.2928', 'learning_rate': '8.21e-05', 'epoch': '1.147'}
{'loss': '0.2901', 'grad_norm': '0.344', 'learning_rate': '8.205e-05', 'epoch': '1.147'}
{'loss': '0.2968', 'grad_norm': '0.3163', 'learning_rate': '8.201e-05', 'epoch': '1.148'}
{'loss': '0.3186', 'grad_norm': '0.4034', 'learning_rate': '8.197e-05', 'epoch': '1.148'}
{'loss': '0.3083', 'grad_norm': '0.3771', 'learning_rate': '8.192e-05', 'epoch': '1.148'}
{'loss': '0.2757', 'grad_norm': '0.3319', 'learning_rate': '8.188e-05', 'epoch': '1.149'}
{'loss': '0.3004', 'grad_norm': '0.3781', 'learning_rate': '8.183e-05', 'epoch': '1.149'}
{'loss': '0.3075', 'grad_norm': '0.4817', 'learning_rate': '8.179e-05', 'epoch': '1.149'}
{'loss': '0.2847', 'grad_norm': '0.2483', 'learning_rate': '8.174e-05', 'epoch': '1.15'}
{'loss': '0.3328', 'grad_norm': '0.3867', 'learning_rate': '8.17e-05', 'epoch': '1.15'}
{'loss': '0.3294', 'grad_norm': '0.2961', 'learning_rate': '8.165e-05', 'epoch': '1.15'}
{'loss': '0.3114', 'grad_norm': '0.3622', 'learning_rate': '8.161e-05', 'epoch': '1.151'}
{'loss': '0.2988', 'grad_norm': '0.4342', 'learning_rate': '8.156e-05', 'epoch': '1.151'}
{'loss': '0.3014', 'grad_norm': '0.2818', 'learning_rate': '8.152e-05', 'epoch': '1.151'}
{'loss': '0.3073', 'grad_norm': '0.4187', 'learning_rate': '8.147e-05', 'epoch': '1.152'}
{'loss': '0.3198', 'grad_norm': '0.3002', 'learning_rate': '8.143e-05', 'epoch': '1.152'}
{'loss': '0.3025', 'grad_norm': '0.2607', 'learning_rate': '8.138e-05', 'epoch': '1.152'}
{'loss': '0.3147', 'grad_norm': '0.3614', 'learning_rate': '8.133e-05', 'epoch': '1.153'}
{'loss': '0.309', 'grad_norm': '0.3995', 'learning_rate': '8.129e-05', 'epoch': '1.153'}
{'loss': '0.2985', 'grad_norm': '0.3572', 'learning_rate': '8.124e-05', 'epoch': '1.153'}
{'loss': '0.3108', 'grad_norm': '0.3921', 'learning_rate': '8.12e-05', 'epoch': '1.154'}
{'loss': '0.3118', 'grad_norm': '0.4342', 'learning_rate': '8.115e-05', 'epoch': '1.154'}
{'loss': '0.3251', 'grad_norm': '0.3791', 'learning_rate': '8.111e-05', 'epoch': '1.154'}
{'loss': '0.3138', 'grad_norm': '0.2864', 'learning_rate': '8.106e-05', 'epoch': '1.155'}
{'loss': '0.3015', 'grad_norm': '0.3498', 'learning_rate': '8.102e-05', 'epoch': '1.155'}
{'loss': '0.319', 'grad_norm': '0.39', 'learning_rate': '8.097e-05', 'epoch': '1.155'}
{'loss': '0.3069', 'grad_norm': '0.2902', 'learning_rate': '8.092e-05', 'epoch': '1.156'}
{'loss': '0.3074', 'grad_norm': '0.4205', 'learning_rate': '8.088e-05', 'epoch': '1.156'}
{'loss': '0.3109', 'grad_norm': '0.4362', 'learning_rate': '8.083e-05', 'epoch': '1.156'}
{'loss': '0.316', 'grad_norm': '0.4347', 'learning_rate': '8.079e-05', 'epoch': '1.157'}
{'loss': '0.2957', 'grad_norm': '0.2597', 'learning_rate': '8.074e-05', 'epoch': '1.157'}
{'loss': '0.2894', 'grad_norm': '0.3327', 'learning_rate': '8.07e-05', 'epoch': '1.157'}
{'loss': '0.3101', 'grad_norm': '0.3303', 'learning_rate': '8.065e-05', 'epoch': '1.158'}
{'loss': '0.316', 'grad_norm': '0.3429', 'learning_rate': '8.06e-05', 'epoch': '1.158'}
{'loss': '0.2974', 'grad_norm': '0.3931', 'learning_rate': '8.056e-05', 'epoch': '1.158'}
{'loss': '0.3134', 'grad_norm': '0.2697', 'learning_rate': '8.051e-05', 'epoch': '1.159'}
{'loss': '0.3152', 'grad_norm': '0.3703', 'learning_rate': '8.047e-05', 'epoch': '1.159'}
{'loss': '0.3177', 'grad_norm': '0.3165', 'learning_rate': '8.042e-05', 'epoch': '1.159'}
{'loss': '0.3191', 'grad_norm': '0.3583', 'learning_rate': '8.037e-05', 'epoch': '1.16'}
{'loss': '0.311', 'grad_norm': '0.4261', 'learning_rate': '8.033e-05', 'epoch': '1.16'}
{'loss': '0.313', 'grad_norm': '0.3309', 'learning_rate': '8.028e-05', 'epoch': '1.16'}
{'loss': '0.3147', 'grad_norm': '0.2867', 'learning_rate': '8.023e-05', 'epoch': '1.161'}
{'loss': '0.3094', 'grad_norm': '0.2929', 'learning_rate': '8.019e-05', 'epoch': '1.161'}
{'loss': '0.3245', 'grad_norm': '0.3124', 'learning_rate': '8.014e-05', 'epoch': '1.161'}
{'loss': '0.3188', 'grad_norm': '0.3661', 'learning_rate': '8.01e-05', 'epoch': '1.162'}
{'loss': '0.2932', 'grad_norm': '0.429', 'learning_rate': '8.005e-05', 'epoch': '1.162'}
{'loss': '0.2882', 'grad_norm': '0.3361', 'learning_rate': '8e-05', 'epoch': '1.162'}
{'loss': '0.3002', 'grad_norm': '0.4352', 'learning_rate': '7.996e-05', 'epoch': '1.163'}
{'loss': '0.3157', 'grad_norm': '0.3745', 'learning_rate': '7.991e-05', 'epoch': '1.163'}
{'loss': '0.2948', 'grad_norm': '0.3332', 'learning_rate': '7.986e-05', 'epoch': '1.163'}
{'eval_loss': '0.3571', 'eval_runtime': '31.41', 'eval_samples_per_second': '65.21', 'eval_steps_per_second': '2.038', 'epoch': '1.163'}
{'loss': '0.3043', 'grad_norm': '0.3323', 'learning_rate': '7.982e-05', 'epoch': '1.164'}
{'loss': '0.299', 'grad_norm': '0.3292', 'learning_rate': '7.977e-05', 'epoch': '1.164'}
{'loss': '0.2983', 'grad_norm': '0.4167', 'learning_rate': '7.972e-05', 'epoch': '1.164'}
{'loss': '0.3262', 'grad_norm': '0.3214', 'learning_rate': '7.968e-05', 'epoch': '1.165'}
{'loss': '0.289', 'grad_norm': '0.421', 'learning_rate': '7.963e-05', 'epoch': '1.165'}
{'loss': '0.313', 'grad_norm': '0.3054', 'learning_rate': '7.958e-05', 'epoch': '1.165'}
{'loss': '0.3239', 'grad_norm': '0.4775', 'learning_rate': '7.953e-05', 'epoch': '1.166'}
{'loss': '0.3041', 'grad_norm': '0.4589', 'learning_rate': '7.949e-05', 'epoch': '1.166'}
{'loss': '0.3125', 'grad_norm': '0.3195', 'learning_rate': '7.944e-05', 'epoch': '1.166'}
{'loss': '0.2934', 'grad_norm': '0.3717', 'learning_rate': '7.939e-05', 'epoch': '1.167'}
{'loss': '0.2944', 'grad_norm': '0.3081', 'learning_rate': '7.935e-05', 'epoch': '1.167'}
{'loss': '0.296', 'grad_norm': '0.3544', 'learning_rate': '7.93e-05', 'epoch': '1.167'}
{'loss': '0.3072', 'grad_norm': '0.3923', 'learning_rate': '7.925e-05', 'epoch': '1.168'}
{'loss': '0.3197', 'grad_norm': '0.4567', 'learning_rate': '7.921e-05', 'epoch': '1.168'}
{'loss': '0.3036', 'grad_norm': '0.3479', 'learning_rate': '7.916e-05', 'epoch': '1.168'}
{'loss': '0.3096', 'grad_norm': '0.3821', 'learning_rate': '7.911e-05', 'epoch': '1.169'}
{'loss': '0.3184', 'grad_norm': '0.4123', 'learning_rate': '7.906e-05', 'epoch': '1.169'}
{'loss': '0.3024', 'grad_norm': '0.3847', 'learning_rate': '7.902e-05', 'epoch': '1.169'}
{'loss': '0.304', 'grad_norm': '0.3497', 'learning_rate': '7.897e-05', 'epoch': '1.17'}
{'loss': '0.3041', 'grad_norm': '0.3668', 'learning_rate': '7.892e-05', 'epoch': '1.17'}
{'loss': '0.3038', 'grad_norm': '0.2348', 'learning_rate': '7.887e-05', 'epoch': '1.17'}
{'loss': '0.3155', 'grad_norm': '0.421', 'learning_rate': '7.883e-05', 'epoch': '1.171'}
{'loss': '0.294', 'grad_norm': '0.2832', 'learning_rate': '7.878e-05', 'epoch': '1.171'}
{'loss': '0.306', 'grad_norm': '0.3432', 'learning_rate': '7.873e-05', 'epoch': '1.171'}
{'loss': '0.304', 'grad_norm': '0.3214', 'learning_rate': '7.868e-05', 'epoch': '1.172'}
{'loss': '0.31', 'grad_norm': '0.376', 'learning_rate': '7.864e-05', 'epoch': '1.172'}
{'loss': '0.3155', 'grad_norm': '0.3224', 'learning_rate': '7.859e-05', 'epoch': '1.172'}
{'loss': '0.3185', 'grad_norm': '0.4651', 'learning_rate': '7.854e-05', 'epoch': '1.173'}
{'loss': '0.3201', 'grad_norm': '0.3418', 'learning_rate': '7.849e-05', 'epoch': '1.173'}
{'loss': '0.3023', 'grad_norm': '0.3542', 'learning_rate': '7.844e-05', 'epoch': '1.173'}
{'loss': '0.3063', 'grad_norm': '0.4019', 'learning_rate': '7.84e-05', 'epoch': '1.174'}
{'loss': '0.3047', 'grad_norm': '0.3621', 'learning_rate': '7.835e-05', 'epoch': '1.174'}
{'loss': '0.3066', 'grad_norm': '0.4546', 'learning_rate': '7.83e-05', 'epoch': '1.174'}
{'loss': '0.2918', 'grad_norm': '0.3411', 'learning_rate': '7.825e-05', 'epoch': '1.175'}
{'loss': '0.289', 'grad_norm': '0.3594', 'learning_rate': '7.821e-05', 'epoch': '1.175'}
{'loss': '0.2979', 'grad_norm': '0.2973', 'learning_rate': '7.816e-05', 'epoch': '1.175'}
{'loss': '0.3129', 'grad_norm': '0.4109', 'learning_rate': '7.811e-05', 'epoch': '1.176'}
{'loss': '0.299', 'grad_norm': '0.3254', 'learning_rate': '7.806e-05', 'epoch': '1.176'}
{'loss': '0.2991', 'grad_norm': '0.3591', 'learning_rate': '7.801e-05', 'epoch': '1.176'}
{'loss': '0.2901', 'grad_norm': '0.3328', 'learning_rate': '7.796e-05', 'epoch': '1.177'}
{'loss': '0.2968', 'grad_norm': '0.2861', 'learning_rate': '7.792e-05', 'epoch': '1.177'}
{'loss': '0.2921', 'grad_norm': '0.3681', 'learning_rate': '7.787e-05', 'epoch': '1.177'}
{'loss': '0.3085', 'grad_norm': '0.4746', 'learning_rate': '7.782e-05', 'epoch': '1.178'}
{'loss': '0.3268', 'grad_norm': '0.3773', 'learning_rate': '7.777e-05', 'epoch': '1.178'}
{'loss': '0.3029', 'grad_norm': '0.3897', 'learning_rate': '7.772e-05', 'epoch': '1.178'}
{'loss': '0.3136', 'grad_norm': '0.4331', 'learning_rate': '7.767e-05', 'epoch': '1.179'}
{'loss': '0.3034', 'grad_norm': '0.2341', 'learning_rate': '7.763e-05', 'epoch': '1.179'}
{'loss': '0.2929', 'grad_norm': '0.3606', 'learning_rate': '7.758e-05', 'epoch': '1.179'}
{'loss': '0.2989', 'grad_norm': '0.3894', 'learning_rate': '7.753e-05', 'epoch': '1.18'}
{'loss': '0.3021', 'grad_norm': '0.35', 'learning_rate': '7.748e-05', 'epoch': '1.18'}
{'eval_loss': '0.3548', 'eval_runtime': '33.1', 'eval_samples_per_second': '61.88', 'eval_steps_per_second': '1.934', 'epoch': '1.18'}
{'loss': '0.3056', 'grad_norm': '0.2706', 'learning_rate': '7.743e-05', 'epoch': '1.18'}
{'loss': '0.3042', 'grad_norm': '0.4184', 'learning_rate': '7.738e-05', 'epoch': '1.181'}
{'loss': '0.3094', 'grad_norm': '0.3333', 'learning_rate': '7.733e-05', 'epoch': '1.181'}
{'loss': '0.3202', 'grad_norm': '0.3733', 'learning_rate': '7.729e-05', 'epoch': '1.181'}
{'loss': '0.2935', 'grad_norm': '0.351', 'learning_rate': '7.724e-05', 'epoch': '1.182'}
{'loss': '0.2934', 'grad_norm': '0.3408', 'learning_rate': '7.719e-05', 'epoch': '1.182'}
{'loss': '0.3041', 'grad_norm': '0.3235', 'learning_rate': '7.714e-05', 'epoch': '1.182'}
{'loss': '0.3032', 'grad_norm': '0.4382', 'learning_rate': '7.709e-05', 'epoch': '1.183'}
{'loss': '0.3194', 'grad_norm': '0.4787', 'learning_rate': '7.704e-05', 'epoch': '1.183'}
{'loss': '0.3029', 'grad_norm': '0.2859', 'learning_rate': '7.699e-05', 'epoch': '1.183'}
{'loss': '0.2845', 'grad_norm': '0.4254', 'learning_rate': '7.694e-05', 'epoch': '1.184'}
{'loss': '0.3071', 'grad_norm': '0.4232', 'learning_rate': '7.689e-05', 'epoch': '1.184'}
{'loss': '0.3093', 'grad_norm': '0.3733', 'learning_rate': '7.685e-05', 'epoch': '1.184'}
{'loss': '0.2951', 'grad_norm': '0.2874', 'learning_rate': '7.68e-05', 'epoch': '1.185'}
{'loss': '0.2961', 'grad_norm': '0.4846', 'learning_rate': '7.675e-05', 'epoch': '1.185'}
{'loss': '0.3149', 'grad_norm': '0.3759', 'learning_rate': '7.67e-05', 'epoch': '1.185'}
{'loss': '0.3016', 'grad_norm': '0.4148', 'learning_rate': '7.665e-05', 'epoch': '1.186'}
{'loss': '0.3002', 'grad_norm': '0.3871', 'learning_rate': '7.66e-05', 'epoch': '1.186'}
{'loss': '0.3237', 'grad_norm': '0.3941', 'learning_rate': '7.655e-05', 'epoch': '1.186'}
{'loss': '0.283', 'grad_norm': '0.3815', 'learning_rate': '7.65e-05', 'epoch': '1.187'}
{'loss': '0.3143', 'grad_norm': '0.3234', 'learning_rate': '7.645e-05', 'epoch': '1.187'}
{'loss': '0.3137', 'grad_norm': '0.3862', 'learning_rate': '7.64e-05', 'epoch': '1.187'}
{'loss': '0.3088', 'grad_norm': '0.3481', 'learning_rate': '7.635e-05', 'epoch': '1.188'}
{'loss': '0.3152', 'grad_norm': '0.4021', 'learning_rate': '7.63e-05', 'epoch': '1.188'}
{'loss': '0.3118', 'grad_norm': '0.4111', 'learning_rate': '7.625e-05', 'epoch': '1.188'}
{'loss': '0.3011', 'grad_norm': '0.3109', 'learning_rate': '7.62e-05', 'epoch': '1.189'}
{'loss': '0.3064', 'grad_norm': '0.3915', 'learning_rate': '7.615e-05', 'epoch': '1.189'}
{'loss': '0.2963', 'grad_norm': '0.4587', 'learning_rate': '7.611e-05', 'epoch': '1.189'}
{'loss': '0.2789', 'grad_norm': '0.4782', 'learning_rate': '7.606e-05', 'epoch': '1.19'}
{'loss': '0.314', 'grad_norm': '0.4162', 'learning_rate': '7.601e-05', 'epoch': '1.19'}
{'loss': '0.3047', 'grad_norm': '0.3929', 'learning_rate': '7.596e-05', 'epoch': '1.19'}
{'loss': '0.315', 'grad_norm': '0.3367', 'learning_rate': '7.591e-05', 'epoch': '1.191'}
{'loss': '0.3304', 'grad_norm': '0.3608', 'learning_rate': '7.586e-05', 'epoch': '1.191'}
{'loss': '0.3125', 'grad_norm': '0.3673', 'learning_rate': '7.581e-05', 'epoch': '1.191'}
{'loss': '0.2881', 'grad_norm': '0.4884', 'learning_rate': '7.576e-05', 'epoch': '1.192'}
{'loss': '0.2987', 'grad_norm': '0.2879', 'learning_rate': '7.571e-05', 'epoch': '1.192'}
{'loss': '0.293', 'grad_norm': '0.3608', 'learning_rate': '7.566e-05', 'epoch': '1.192'}
{'loss': '0.2902', 'grad_norm': '0.3185', 'learning_rate': '7.561e-05', 'epoch': '1.193'}
{'loss': '0.2934', 'grad_norm': '0.3825', 'learning_rate': '7.556e-05', 'epoch': '1.193'}
{'loss': '0.2886', 'grad_norm': '0.3271', 'learning_rate': '7.551e-05', 'epoch': '1.193'}
{'loss': '0.3025', 'grad_norm': '0.4142', 'learning_rate': '7.546e-05', 'epoch': '1.194'}
{'loss': '0.3166', 'grad_norm': '0.5727', 'learning_rate': '7.541e-05', 'epoch': '1.194'}
{'loss': '0.293', 'grad_norm': '0.3049', 'learning_rate': '7.536e-05', 'epoch': '1.194'}
{'loss': '0.2927', 'grad_norm': '0.2808', 'learning_rate': '7.531e-05', 'epoch': '1.195'}
{'loss': '0.3055', 'grad_norm': '0.4797', 'learning_rate': '7.526e-05', 'epoch': '1.195'}
{'loss': '0.3085', 'grad_norm': '0.3253', 'learning_rate': '7.521e-05', 'epoch': '1.195'}
{'loss': '0.3076', 'grad_norm': '0.5092', 'learning_rate': '7.516e-05', 'epoch': '1.196'}
{'loss': '0.3105', 'grad_norm': '0.3822', 'learning_rate': '7.511e-05', 'epoch': '1.196'}
{'loss': '0.2966', 'grad_norm': '0.3311', 'learning_rate': '7.506e-05', 'epoch': '1.196'}
{'loss': '0.3068', 'grad_norm': '0.3282', 'learning_rate': '7.501e-05', 'epoch': '1.197'}
{'eval_loss': '0.3568', 'eval_runtime': '33.02', 'eval_samples_per_second': '62.02', 'eval_steps_per_second': '1.938', 'epoch': '1.197'}
{'loss': '0.3038', 'grad_norm': '0.3238', 'learning_rate': '7.495e-05', 'epoch': '1.197'}
{'loss': '0.3016', 'grad_norm': '0.4514', 'learning_rate': '7.49e-05', 'epoch': '1.197'}
{'loss': '0.3039', 'grad_norm': '0.3357', 'learning_rate': '7.485e-05', 'epoch': '1.198'}
{'loss': '0.2963', 'grad_norm': '0.3408', 'learning_rate': '7.48e-05', 'epoch': '1.198'}
{'loss': '0.3038', 'grad_norm': '0.3582', 'learning_rate': '7.475e-05', 'epoch': '1.198'}
{'loss': '0.3088', 'grad_norm': '0.3986', 'learning_rate': '7.47e-05', 'epoch': '1.199'}
{'loss': '0.2922', 'grad_norm': '0.3799', 'learning_rate': '7.465e-05', 'epoch': '1.199'}
{'loss': '0.2984', 'grad_norm': '0.3821', 'learning_rate': '7.46e-05', 'epoch': '1.199'}
{'loss': '0.3229', 'grad_norm': '0.3354', 'learning_rate': '7.455e-05', 'epoch': '1.2'}
{'loss': '0.3029', 'grad_norm': '0.3252', 'learning_rate': '7.45e-05', 'epoch': '1.2'}
{'loss': '0.2847', 'grad_norm': '0.3684', 'learning_rate': '7.445e-05', 'epoch': '1.2'}
{'loss': '0.284', 'grad_norm': '0.4153', 'learning_rate': '7.44e-05', 'epoch': '1.201'}
{'loss': '0.2878', 'grad_norm': '0.4272', 'learning_rate': '7.435e-05', 'epoch': '1.201'}
{'loss': '0.3009', 'grad_norm': '0.2991', 'learning_rate': '7.43e-05', 'epoch': '1.201'}
{'loss': '0.2947', 'grad_norm': '0.455', 'learning_rate': '7.425e-05', 'epoch': '1.202'}
{'loss': '0.3139', 'grad_norm': '0.3737', 'learning_rate': '7.419e-05', 'epoch': '1.202'}
{'loss': '0.3041', 'grad_norm': '0.3201', 'learning_rate': '7.414e-05', 'epoch': '1.202'}
{'loss': '0.3076', 'grad_norm': '0.55', 'learning_rate': '7.409e-05', 'epoch': '1.203'}
{'loss': '0.3054', 'grad_norm': '0.4368', 'learning_rate': '7.404e-05', 'epoch': '1.203'}
{'loss': '0.3095', 'grad_norm': '0.4518', 'learning_rate': '7.399e-05', 'epoch': '1.203'}
{'loss': '0.3335', 'grad_norm': '0.6724', 'learning_rate': '7.394e-05', 'epoch': '2'}
{'loss': '0.3142', 'grad_norm': '0.2872', 'learning_rate': '7.389e-05', 'epoch': '2'}
{'loss': '0.3076', 'grad_norm': '0.4223', 'learning_rate': '7.384e-05', 'epoch': '2.001'}
{'loss': '0.2974', 'grad_norm': '0.3191', 'learning_rate': '7.379e-05', 'epoch': '2.001'}
{'loss': '0.3018', 'grad_norm': '0.4613', 'learning_rate': '7.374e-05', 'epoch': '2.001'}
{'loss': '0.3025', 'grad_norm': '0.4368', 'learning_rate': '7.368e-05', 'epoch': '2.002'}
{'loss': '0.2956', 'grad_norm': '0.3456', 'learning_rate': '7.363e-05', 'epoch': '2.002'}
{'loss': '0.2955', 'grad_norm': '0.3071', 'learning_rate': '7.358e-05', 'epoch': '2.002'}
{'loss': '0.3007', 'grad_norm': '0.2998', 'learning_rate': '7.353e-05', 'epoch': '2.003'}
{'loss': '0.2875', 'grad_norm': '0.237', 'learning_rate': '7.348e-05', 'epoch': '2.003'}
{'loss': '0.2868', 'grad_norm': '0.3009', 'learning_rate': '7.343e-05', 'epoch': '2.003'}
{'loss': '0.281', 'grad_norm': '0.2922', 'learning_rate': '7.338e-05', 'epoch': '2.004'}
{'loss': '0.2897', 'grad_norm': '0.3631', 'learning_rate': '7.332e-05', 'epoch': '2.004'}
{'loss': '0.3149', 'grad_norm': '0.3429', 'learning_rate': '7.327e-05', 'epoch': '2.004'}
{'loss': '0.3319', 'grad_norm': '0.349', 'learning_rate': '7.322e-05', 'epoch': '2.005'}
{'loss': '0.2972', 'grad_norm': '0.3344', 'learning_rate': '7.317e-05', 'epoch': '2.005'}
{'loss': '0.3019', 'grad_norm': '0.3387', 'learning_rate': '7.312e-05', 'epoch': '2.005'}
{'loss': '0.2898', 'grad_norm': '0.394', 'learning_rate': '7.307e-05', 'epoch': '2.006'}
{'loss': '0.304', 'grad_norm': '0.352', 'learning_rate': '7.302e-05', 'epoch': '2.006'}
{'loss': '0.3129', 'grad_norm': '0.4085', 'learning_rate': '7.296e-05', 'epoch': '2.006'}
{'loss': '0.3019', 'grad_norm': '0.3451', 'learning_rate': '7.291e-05', 'epoch': '2.007'}
{'loss': '0.2924', 'grad_norm': '0.3717', 'learning_rate': '7.286e-05', 'epoch': '2.007'}
{'loss': '0.293', 'grad_norm': '0.3', 'learning_rate': '7.281e-05', 'epoch': '2.007'}
{'loss': '0.3174', 'grad_norm': '0.3939', 'learning_rate': '7.276e-05', 'epoch': '2.008'}
{'loss': '0.3002', 'grad_norm': '0.4643', 'learning_rate': '7.27e-05', 'epoch': '2.008'}
{'loss': '0.3088', 'grad_norm': '0.3447', 'learning_rate': '7.265e-05', 'epoch': '2.008'}
{'loss': '0.2951', 'grad_norm': '0.3943', 'learning_rate': '7.26e-05', 'epoch': '2.009'}
{'loss': '0.3077', 'grad_norm': '0.4261', 'learning_rate': '7.255e-05', 'epoch': '2.009'}
{'loss': '0.2891', 'grad_norm': '0.3309', 'learning_rate': '7.25e-05', 'epoch': '2.009'}
{'loss': '0.3207', 'grad_norm': '0.3234', 'learning_rate': '7.245e-05', 'epoch': '2.01'}
{'eval_loss': '0.3572', 'eval_runtime': '33.95', 'eval_samples_per_second': '60.33', 'eval_steps_per_second': '1.885', 'epoch': '2.01'}
{'loss': '0.3076', 'grad_norm': '0.3331', 'learning_rate': '7.239e-05', 'epoch': '2.01'}
{'loss': '0.3135', 'grad_norm': '0.3413', 'learning_rate': '7.234e-05', 'epoch': '2.01'}
{'loss': '0.3007', 'grad_norm': '0.4447', 'learning_rate': '7.229e-05', 'epoch': '2.011'}
{'loss': '0.3065', 'grad_norm': '0.4028', 'learning_rate': '7.224e-05', 'epoch': '2.011'}
{'loss': '0.2933', 'grad_norm': '0.4572', 'learning_rate': '7.218e-05', 'epoch': '2.011'}
{'loss': '0.2864', 'grad_norm': '0.3936', 'learning_rate': '7.213e-05', 'epoch': '2.012'}
{'loss': '0.3113', 'grad_norm': '0.4024', 'learning_rate': '7.208e-05', 'epoch': '2.012'}
{'loss': '0.2955', 'grad_norm': '0.3129', 'learning_rate': '7.203e-05', 'epoch': '2.012'}
{'loss': '0.31', 'grad_norm': '0.3696', 'learning_rate': '7.198e-05', 'epoch': '2.013'}
{'loss': '0.2978', 'grad_norm': '0.3686', 'learning_rate': '7.192e-05', 'epoch': '2.013'}
{'loss': '0.2969', 'grad_norm': '0.3633', 'learning_rate': '7.187e-05', 'epoch': '2.013'}
{'loss': '0.3224', 'grad_norm': '0.4572', 'learning_rate': '7.182e-05', 'epoch': '2.014'}
{'loss': '0.3252', 'grad_norm': '0.2848', 'learning_rate': '7.177e-05', 'epoch': '2.014'}
{'loss': '0.3026', 'grad_norm': '0.2881', 'learning_rate': '7.171e-05', 'epoch': '2.014'}
{'loss': '0.3144', 'grad_norm': '0.3136', 'learning_rate': '7.166e-05', 'epoch': '2.015'}
{'loss': '0.2975', 'grad_norm': '0.3728', 'learning_rate': '7.161e-05', 'epoch': '2.015'}
{'loss': '0.2841', 'grad_norm': '0.4172', 'learning_rate': '7.156e-05', 'epoch': '2.015'}
{'loss': '0.2763', 'grad_norm': '0.3664', 'learning_rate': '7.15e-05', 'epoch': '2.016'}
{'loss': '0.2917', 'grad_norm': '0.3065', 'learning_rate': '7.145e-05', 'epoch': '2.016'}
{'loss': '0.304', 'grad_norm': '0.3688', 'learning_rate': '7.14e-05', 'epoch': '2.016'}
{'loss': '0.2839', 'grad_norm': '0.4038', 'learning_rate': '7.135e-05', 'epoch': '2.017'}
{'loss': '0.3031', 'grad_norm': '0.3837', 'learning_rate': '7.129e-05', 'epoch': '2.017'}
{'loss': '0.2958', 'grad_norm': '0.4107', 'learning_rate': '7.124e-05', 'epoch': '2.017'}
{'loss': '0.2826', 'grad_norm': '0.3062', 'learning_rate': '7.119e-05', 'epoch': '2.018'}
{'loss': '0.301', 'grad_norm': '0.3775', 'learning_rate': '7.114e-05', 'epoch': '2.018'}
{'loss': '0.3033', 'grad_norm': '0.4144', 'learning_rate': '7.108e-05', 'epoch': '2.018'}
{'loss': '0.2911', 'grad_norm': '0.5719', 'learning_rate': '7.103e-05', 'epoch': '2.019'}
{'loss': '0.3124', 'grad_norm': '0.4216', 'learning_rate': '7.098e-05', 'epoch': '2.019'}
{'loss': '0.2843', 'grad_norm': '0.3719', 'learning_rate': '7.093e-05', 'epoch': '2.019'}
{'loss': '0.3024', 'grad_norm': '0.3348', 'learning_rate': '7.087e-05', 'epoch': '2.02'}
{'loss': '0.2959', 'grad_norm': '0.2962', 'learning_rate': '7.082e-05', 'epoch': '2.02'}
{'loss': '0.2924', 'grad_norm': '0.3254', 'learning_rate': '7.077e-05', 'epoch': '2.02'}
{'loss': '0.3149', 'grad_norm': '0.4895', 'learning_rate': '7.071e-05', 'epoch': '2.021'}
{'loss': '0.3', 'grad_norm': '0.5297', 'learning_rate': '7.066e-05', 'epoch': '2.021'}
{'loss': '0.2978', 'grad_norm': '0.4631', 'learning_rate': '7.061e-05', 'epoch': '2.021'}
{'loss': '0.2883', 'grad_norm': '0.3437', 'learning_rate': '7.055e-05', 'epoch': '2.022'}
{'loss': '0.312', 'grad_norm': '0.3686', 'learning_rate': '7.05e-05', 'epoch': '2.022'}
{'loss': '0.2979', 'grad_norm': '0.4429', 'learning_rate': '7.045e-05', 'epoch': '2.022'}
{'loss': '0.293', 'grad_norm': '0.3715', 'learning_rate': '7.04e-05', 'epoch': '2.023'}
{'loss': '0.2895', 'grad_norm': '0.3542', 'learning_rate': '7.034e-05', 'epoch': '2.023'}
{'loss': '0.2825', 'grad_norm': '0.394', 'learning_rate': '7.029e-05', 'epoch': '2.023'}
{'loss': '0.2856', 'grad_norm': '0.3257', 'learning_rate': '7.024e-05', 'epoch': '2.024'}
{'loss': '0.3044', 'grad_norm': '0.3564', 'learning_rate': '7.018e-05', 'epoch': '2.024'}
{'loss': '0.2928', 'grad_norm': '0.3483', 'learning_rate': '7.013e-05', 'epoch': '2.024'}
{'loss': '0.3161', 'grad_norm': '0.3629', 'learning_rate': '7.008e-05', 'epoch': '2.025'}
{'loss': '0.2763', 'grad_norm': '0.3329', 'learning_rate': '7.002e-05', 'epoch': '2.025'}
{'loss': '0.2836', 'grad_norm': '0.3552', 'learning_rate': '6.997e-05', 'epoch': '2.025'}
{'loss': '0.3271', 'grad_norm': '0.3069', 'learning_rate': '6.992e-05', 'epoch': '2.026'}
{'loss': '0.2924', 'grad_norm': '0.3149', 'learning_rate': '6.986e-05', 'epoch': '2.026'}
{'loss': '0.3042', 'grad_norm': '0.3667', 'learning_rate': '6.981e-05', 'epoch': '2.026'}
{'eval_loss': '0.3576', 'eval_runtime': '33.5', 'eval_samples_per_second': '61.14', 'eval_steps_per_second': '1.911', 'epoch': '2.026'}
{'loss': '0.3119', 'grad_norm': '0.4493', 'learning_rate': '6.976e-05', 'epoch': '2.027'}
{'loss': '0.3088', 'grad_norm': '0.4436', 'learning_rate': '6.97e-05', 'epoch': '2.027'}
{'loss': '0.3153', 'grad_norm': '0.3588', 'learning_rate': '6.965e-05', 'epoch': '2.027'}
{'loss': '0.291', 'grad_norm': '0.3755', 'learning_rate': '6.96e-05', 'epoch': '2.028'}
{'loss': '0.3063', 'grad_norm': '0.3609', 'learning_rate': '6.954e-05', 'epoch': '2.028'}
{'loss': '0.2828', 'grad_norm': '0.4127', 'learning_rate': '6.949e-05', 'epoch': '2.028'}
{'loss': '0.3078', 'grad_norm': '0.5761', 'learning_rate': '6.943e-05', 'epoch': '2.029'}
{'loss': '0.305', 'grad_norm': '0.5418', 'learning_rate': '6.938e-05', 'epoch': '2.029'}
{'loss': '0.3082', 'grad_norm': '0.3959', 'learning_rate': '6.933e-05', 'epoch': '2.029'}
{'loss': '0.2986', 'grad_norm': '0.3903', 'learning_rate': '6.927e-05', 'epoch': '2.03'}
{'loss': '0.2862', 'grad_norm': '0.3351', 'learning_rate': '6.922e-05', 'epoch': '2.03'}
{'loss': '0.305', 'grad_norm': '0.3412', 'learning_rate': '6.917e-05', 'epoch': '2.03'}
{'loss': '0.3045', 'grad_norm': '0.3854', 'learning_rate': '6.911e-05', 'epoch': '2.031'}
{'loss': '0.2998', 'grad_norm': '0.3295', 'learning_rate': '6.906e-05', 'epoch': '2.031'}
{'loss': '0.313', 'grad_norm': '0.4613', 'learning_rate': '6.901e-05', 'epoch': '2.031'}
{'loss': '0.3017', 'grad_norm': '0.3753', 'learning_rate': '6.895e-05', 'epoch': '2.032'}
{'loss': '0.3124', 'grad_norm': '0.3393', 'learning_rate': '6.89e-05', 'epoch': '2.032'}
{'loss': '0.3017', 'grad_norm': '0.4087', 'learning_rate': '6.884e-05', 'epoch': '2.032'}
{'loss': '0.2968', 'grad_norm': '0.3558', 'learning_rate': '6.879e-05', 'epoch': '2.033'}
{'loss': '0.3041', 'grad_norm': '0.4013', 'learning_rate': '6.874e-05', 'epoch': '2.033'}
{'loss': '0.3164', 'grad_norm': '0.406', 'learning_rate': '6.868e-05', 'epoch': '2.033'}
{'loss': '0.3081', 'grad_norm': '0.3082', 'learning_rate': '6.863e-05', 'epoch': '2.034'}
{'loss': '0.2884', 'grad_norm': '0.4853', 'learning_rate': '6.857e-05', 'epoch': '2.034'}
{'loss': '0.2763', 'grad_norm': '0.4073', 'learning_rate': '6.852e-05', 'epoch': '2.034'}
{'loss': '0.2947', 'grad_norm': '0.3002', 'learning_rate': '6.847e-05', 'epoch': '2.035'}
{'loss': '0.2886', 'grad_norm': '0.4219', 'learning_rate': '6.841e-05', 'epoch': '2.035'}
{'loss': '0.2899', 'grad_norm': '0.4195', 'learning_rate': '6.836e-05', 'epoch': '2.035'}
{'loss': '0.2932', 'grad_norm': '0.4192', 'learning_rate': '6.83e-05', 'epoch': '2.036'}
{'loss': '0.3028', 'grad_norm': '0.3161', 'learning_rate': '6.825e-05', 'epoch': '2.036'}
{'loss': '0.2927', 'grad_norm': '0.4646', 'learning_rate': '6.82e-05', 'epoch': '2.036'}
{'loss': '0.3073', 'grad_norm': '0.4247', 'learning_rate': '6.814e-05', 'epoch': '2.037'}
{'loss': '0.2931', 'grad_norm': '0.4793', 'learning_rate': '6.809e-05', 'epoch': '2.037'}
{'loss': '0.2722', 'grad_norm': '0.3979', 'learning_rate': '6.803e-05', 'epoch': '2.037'}
{'loss': '0.2837', 'grad_norm': '0.4277', 'learning_rate': '6.798e-05', 'epoch': '2.038'}
{'loss': '0.305', 'grad_norm': '0.5518', 'learning_rate': '6.792e-05', 'epoch': '2.038'}
{'loss': '0.2998', 'grad_norm': '0.4275', 'learning_rate': '6.787e-05', 'epoch': '2.038'}
{'loss': '0.2934', 'grad_norm': '0.3632', 'learning_rate': '6.782e-05', 'epoch': '2.039'}
{'loss': '0.3174', 'grad_norm': '0.3917', 'learning_rate': '6.776e-05', 'epoch': '2.039'}
{'loss': '0.305', 'grad_norm': '0.4195', 'learning_rate': '6.771e-05', 'epoch': '2.039'}
{'loss': '0.2882', 'grad_norm': '0.4395', 'learning_rate': '6.765e-05', 'epoch': '2.04'}
{'loss': '0.2978', 'grad_norm': '0.378', 'learning_rate': '6.76e-05', 'epoch': '2.04'}
{'loss': '0.296', 'grad_norm': '0.3989', 'learning_rate': '6.754e-05', 'epoch': '2.04'}
{'loss': '0.3015', 'grad_norm': '0.4019', 'learning_rate': '6.749e-05', 'epoch': '2.041'}
{'loss': '0.2933', 'grad_norm': '0.3129', 'learning_rate': '6.743e-05', 'epoch': '2.041'}
{'loss': '0.2987', 'grad_norm': '0.3194', 'learning_rate': '6.738e-05', 'epoch': '2.041'}
{'loss': '0.2664', 'grad_norm': '0.3581', 'learning_rate': '6.732e-05', 'epoch': '2.042'}
{'loss': '0.2856', 'grad_norm': '0.3526', 'learning_rate': '6.727e-05', 'epoch': '2.042'}
{'loss': '0.3001', 'grad_norm': '0.4386', 'learning_rate': '6.722e-05', 'epoch': '2.042'}
{'loss': '0.2947', 'grad_norm': '0.3937', 'learning_rate': '6.716e-05', 'epoch': '2.043'}
{'loss': '0.2901', 'grad_norm': '0.3311', 'learning_rate': '6.711e-05', 'epoch': '2.043'}
{'eval_loss': '0.3588', 'eval_runtime': '33.21', 'eval_samples_per_second': '61.68', 'eval_steps_per_second': '1.927', 'epoch': '2.043'}
{'loss': '0.2943', 'grad_norm': '0.3873', 'learning_rate': '6.705e-05', 'epoch': '2.043'}
{'loss': '0.3075', 'grad_norm': '0.3374', 'learning_rate': '6.7e-05', 'epoch': '2.044'}
{'loss': '0.2915', 'grad_norm': '0.4628', 'learning_rate': '6.694e-05', 'epoch': '2.044'}
{'loss': '0.2896', 'grad_norm': '0.3055', 'learning_rate': '6.689e-05', 'epoch': '2.044'}
{'loss': '0.3071', 'grad_norm': '0.3972', 'learning_rate': '6.683e-05', 'epoch': '2.045'}
{'loss': '0.2898', 'grad_norm': '0.3722', 'learning_rate': '6.678e-05', 'epoch': '2.045'}
{'loss': '0.2893', 'grad_norm': '0.3971', 'learning_rate': '6.672e-05', 'epoch': '2.045'}
{'loss': '0.2796', 'grad_norm': '0.3495', 'learning_rate': '6.667e-05', 'epoch': '2.046'}
{'loss': '0.2907', 'grad_norm': '0.3949', 'learning_rate': '6.661e-05', 'epoch': '2.046'}
{'loss': '0.2924', 'grad_norm': '0.3986', 'learning_rate': '6.656e-05', 'epoch': '2.046'}
{'loss': '0.2935', 'grad_norm': '0.4551', 'learning_rate': '6.65e-05', 'epoch': '2.047'}
{'loss': '0.3041', 'grad_norm': '0.4464', 'learning_rate': '6.645e-05', 'epoch': '2.047'}
{'loss': '0.2965', 'grad_norm': '0.3026', 'learning_rate': '6.639e-05', 'epoch': '2.047'}
{'loss': '0.2918', 'grad_norm': '0.3363', 'learning_rate': '6.634e-05', 'epoch': '2.048'}
{'loss': '0.2892', 'grad_norm': '0.3815', 'learning_rate': '6.628e-05', 'epoch': '2.048'}
{'loss': '0.2903', 'grad_norm': '0.3479', 'learning_rate': '6.623e-05', 'epoch': '2.048'}
{'loss': '0.288', 'grad_norm': '0.3914', 'learning_rate': '6.617e-05', 'epoch': '2.049'}
{'loss': '0.3069', 'grad_norm': '0.4008', 'learning_rate': '6.612e-05', 'epoch': '2.049'}
{'loss': '0.2934', 'grad_norm': '0.4316', 'learning_rate': '6.606e-05', 'epoch': '2.049'}
{'loss': '0.3041', 'grad_norm': '0.4037', 'learning_rate': '6.601e-05', 'epoch': '2.05'}
{'loss': '0.2782', 'grad_norm': '0.4401', 'learning_rate': '6.595e-05', 'epoch': '2.05'}
{'loss': '0.2907', 'grad_norm': '0.3296', 'learning_rate': '6.59e-05', 'epoch': '2.05'}
{'loss': '0.2896', 'grad_norm': '0.44', 'learning_rate': '6.584e-05', 'epoch': '2.051'}
{'loss': '0.3004', 'grad_norm': '0.3794', 'learning_rate': '6.579e-05', 'epoch': '2.051'}
{'loss': '0.2991', 'grad_norm': '0.4324', 'learning_rate': '6.573e-05', 'epoch': '2.051'}
{'loss': '0.2922', 'grad_norm': '0.4549', 'learning_rate': '6.568e-05', 'epoch': '2.052'}
{'loss': '0.2886', 'grad_norm': '0.5192', 'learning_rate': '6.562e-05', 'epoch': '2.052'}
{'loss': '0.2867', 'grad_norm': '0.459', 'learning_rate': '6.557e-05', 'epoch': '2.052'}
{'loss': '0.3075', 'grad_norm': '0.3594', 'learning_rate': '6.551e-05', 'epoch': '2.053'}
{'loss': '0.3026', 'grad_norm': '0.4498', 'learning_rate': '6.546e-05', 'epoch': '2.053'}
{'loss': '0.2801', 'grad_norm': '0.3456', 'learning_rate': '6.54e-05', 'epoch': '2.053'}
{'loss': '0.2918', 'grad_norm': '0.4172', 'learning_rate': '6.535e-05', 'epoch': '2.054'}
{'loss': '0.2908', 'grad_norm': '0.4105', 'learning_rate': '6.529e-05', 'epoch': '2.054'}
{'loss': '0.2861', 'grad_norm': '0.3911', 'learning_rate': '6.523e-05', 'epoch': '2.054'}
{'loss': '0.2847', 'grad_norm': '0.5315', 'learning_rate': '6.518e-05', 'epoch': '2.055'}
{'loss': '0.2829', 'grad_norm': '0.4933', 'learning_rate': '6.512e-05', 'epoch': '2.055'}
{'loss': '0.3174', 'grad_norm': '0.6037', 'learning_rate': '6.507e-05', 'epoch': '2.055'}
{'loss': '0.2837', 'grad_norm': '0.4068', 'learning_rate': '6.501e-05', 'epoch': '2.056'}
{'loss': '0.3', 'grad_norm': '0.3424', 'learning_rate': '6.496e-05', 'epoch': '2.056'}
{'loss': '0.2832', 'grad_norm': '0.3689', 'learning_rate': '6.49e-05', 'epoch': '2.056'}
{'loss': '0.3085', 'grad_norm': '0.4341', 'learning_rate': '6.485e-05', 'epoch': '2.057'}
{'loss': '0.2893', 'grad_norm': '0.4661', 'learning_rate': '6.479e-05', 'epoch': '2.057'}
{'loss': '0.2884', 'grad_norm': '0.4961', 'learning_rate': '6.474e-05', 'epoch': '2.057'}
{'loss': '0.2992', 'grad_norm': '0.4111', 'learning_rate': '6.468e-05', 'epoch': '2.058'}
{'loss': '0.2859', 'grad_norm': '0.3142', 'learning_rate': '6.462e-05', 'epoch': '2.058'}
{'loss': '0.27', 'grad_norm': '0.3859', 'learning_rate': '6.457e-05', 'epoch': '2.058'}
{'loss': '0.2766', 'grad_norm': '0.3409', 'learning_rate': '6.451e-05', 'epoch': '2.059'}
{'loss': '0.2869', 'grad_norm': '0.4313', 'learning_rate': '6.446e-05', 'epoch': '2.059'}
{'loss': '0.2873', 'grad_norm': '0.4219', 'learning_rate': '6.44e-05', 'epoch': '2.059'}
{'loss': '0.3108', 'grad_norm': '0.4297', 'learning_rate': '6.435e-05', 'epoch': '2.06'}
{'eval_loss': '0.356', 'eval_runtime': '33.58', 'eval_samples_per_second': '60.99', 'eval_steps_per_second': '1.906', 'epoch': '2.06'}
{'loss': '0.2874', 'grad_norm': '0.3987', 'learning_rate': '6.429e-05', 'epoch': '2.06'}
{'loss': '0.2859', 'grad_norm': '0.3798', 'learning_rate': '6.423e-05', 'epoch': '2.06'}
{'loss': '0.3197', 'grad_norm': '0.4713', 'learning_rate': '6.418e-05', 'epoch': '2.061'}
{'loss': '0.3029', 'grad_norm': '0.355', 'learning_rate': '6.412e-05', 'epoch': '2.061'}
{'loss': '0.3006', 'grad_norm': '0.3239', 'learning_rate': '6.407e-05', 'epoch': '2.061'}
{'loss': '0.3065', 'grad_norm': '0.4025', 'learning_rate': '6.401e-05', 'epoch': '2.062'}
{'loss': '0.2909', 'grad_norm': '0.3765', 'learning_rate': '6.396e-05', 'epoch': '2.062'}
{'loss': '0.2862', 'grad_norm': '0.3484', 'learning_rate': '6.39e-05', 'epoch': '2.062'}
{'loss': '0.2915', 'grad_norm': '0.4628', 'learning_rate': '6.384e-05', 'epoch': '2.063'}
{'loss': '0.2955', 'grad_norm': '0.3559', 'learning_rate': '6.379e-05', 'epoch': '2.063'}
{'loss': '0.276', 'grad_norm': '0.4529', 'learning_rate': '6.373e-05', 'epoch': '2.063'}
{'loss': '0.2992', 'grad_norm': '0.394', 'learning_rate': '6.368e-05', 'epoch': '2.064'}
{'loss': '0.2965', 'grad_norm': '0.3496', 'learning_rate': '6.362e-05', 'epoch': '2.064'}
{'loss': '0.2951', 'grad_norm': '0.5437', 'learning_rate': '6.356e-05', 'epoch': '2.064'}
{'loss': '0.3011', 'grad_norm': '0.4802', 'learning_rate': '6.351e-05', 'epoch': '2.065'}
{'loss': '0.2853', 'grad_norm': '0.4073', 'learning_rate': '6.345e-05', 'epoch': '2.065'}
{'loss': '0.2965', 'grad_norm': '0.4723', 'learning_rate': '6.34e-05', 'epoch': '2.065'}
{'loss': '0.2862', 'grad_norm': '0.3047', 'learning_rate': '6.334e-05', 'epoch': '2.066'}
{'loss': '0.3013', 'grad_norm': '0.507', 'learning_rate': '6.328e-05', 'epoch': '2.066'}
{'loss': '0.3009', 'grad_norm': '0.361', 'learning_rate': '6.323e-05', 'epoch': '2.066'}
{'loss': '0.2935', 'grad_norm': '0.3642', 'learning_rate': '6.317e-05', 'epoch': '2.067'}
{'loss': '0.3201', 'grad_norm': '0.3737', 'learning_rate': '6.312e-05', 'epoch': '2.067'}
{'loss': '0.3084', 'grad_norm': '0.4015', 'learning_rate': '6.306e-05', 'epoch': '2.067'}
{'loss': '0.3045', 'grad_norm': '0.4741', 'learning_rate': '6.3e-05', 'epoch': '2.068'}
{'loss': '0.3087', 'grad_norm': '0.3535', 'learning_rate': '6.295e-05', 'epoch': '2.068'}
{'loss': '0.2939', 'grad_norm': '0.3203', 'learning_rate': '6.289e-05', 'epoch': '2.068'}
{'loss': '0.288', 'grad_norm': '0.296', 'learning_rate': '6.283e-05', 'epoch': '2.069'}
{'loss': '0.2973', 'grad_norm': '0.3893', 'learning_rate': '6.278e-05', 'epoch': '2.069'}
{'loss': '0.2681', 'grad_norm': '0.3912', 'learning_rate': '6.272e-05', 'epoch': '2.069'}
{'loss': '0.2915', 'grad_norm': '0.4866', 'learning_rate': '6.267e-05', 'epoch': '2.07'}
{'loss': '0.295', 'grad_norm': '0.5789', 'learning_rate': '6.261e-05', 'epoch': '2.07'}
{'loss': '0.2905', 'grad_norm': '0.3576', 'learning_rate': '6.255e-05', 'epoch': '2.07'}
{'loss': '0.2995', 'grad_norm': '0.3848', 'learning_rate': '6.25e-05', 'epoch': '2.071'}
{'loss': '0.2939', 'grad_norm': '0.4085', 'learning_rate': '6.244e-05', 'epoch': '2.071'}
{'loss': '0.3087', 'grad_norm': '0.4322', 'learning_rate': '6.238e-05', 'epoch': '2.071'}
{'loss': '0.2826', 'grad_norm': '0.4381', 'learning_rate': '6.233e-05', 'epoch': '2.072'}
{'loss': '0.3012', 'grad_norm': '0.3499', 'learning_rate': '6.227e-05', 'epoch': '2.072'}
{'loss': '0.2797', 'grad_norm': '0.5967', 'learning_rate': '6.221e-05', 'epoch': '2.072'}
{'loss': '0.2916', 'grad_norm': '0.3544', 'learning_rate': '6.216e-05', 'epoch': '2.073'}
{'loss': '0.2848', 'grad_norm': '0.3881', 'learning_rate': '6.21e-05', 'epoch': '2.073'}
{'loss': '0.29', 'grad_norm': '0.4272', 'learning_rate': '6.205e-05', 'epoch': '2.073'}
{'loss': '0.2917', 'grad_norm': '0.3969', 'learning_rate': '6.199e-05', 'epoch': '2.074'}
{'loss': '0.2934', 'grad_norm': '0.4421', 'learning_rate': '6.193e-05', 'epoch': '2.074'}
{'loss': '0.2824', 'grad_norm': '0.3267', 'learning_rate': '6.188e-05', 'epoch': '2.074'}
{'loss': '0.3065', 'grad_norm': '0.3881', 'learning_rate': '6.182e-05', 'epoch': '2.075'}
{'loss': '0.2938', 'grad_norm': '0.3686', 'learning_rate': '6.176e-05', 'epoch': '2.075'}
{'loss': '0.2877', 'grad_norm': '0.4511', 'learning_rate': '6.171e-05', 'epoch': '2.075'}
{'loss': '0.2914', 'grad_norm': '0.4893', 'learning_rate': '6.165e-05', 'epoch': '2.076'}
{'loss': '0.2824', 'grad_norm': '0.483', 'learning_rate': '6.159e-05', 'epoch': '2.076'}
{'loss': '0.2817', 'grad_norm': '0.5708', 'learning_rate': '6.154e-05', 'epoch': '2.076'}
{'eval_loss': '0.3589', 'eval_runtime': '33.59', 'eval_samples_per_second': '60.97', 'eval_steps_per_second': '1.905', 'epoch': '2.076'}
{'loss': '0.2985', 'grad_norm': '0.4781', 'learning_rate': '6.148e-05', 'epoch': '2.077'}
{'loss': '0.2858', 'grad_norm': '0.5473', 'learning_rate': '6.142e-05', 'epoch': '2.077'}
{'loss': '0.3071', 'grad_norm': '0.4794', 'learning_rate': '6.137e-05', 'epoch': '2.077'}
{'loss': '0.2827', 'grad_norm': '0.5052', 'learning_rate': '6.131e-05', 'epoch': '2.078'}
{'loss': '0.3067', 'grad_norm': '0.4154', 'learning_rate': '6.125e-05', 'epoch': '2.078'}
{'loss': '0.2984', 'grad_norm': '0.4283', 'learning_rate': '6.12e-05', 'epoch': '2.078'}
{'loss': '0.292', 'grad_norm': '0.5512', 'learning_rate': '6.114e-05', 'epoch': '2.079'}
{'loss': '0.2889', 'grad_norm': '0.3698', 'learning_rate': '6.108e-05', 'epoch': '2.079'}
{'loss': '0.2772', 'grad_norm': '0.3817', 'learning_rate': '6.103e-05', 'epoch': '2.079'}
{'loss': '0.3042', 'grad_norm': '0.3949', 'learning_rate': '6.097e-05', 'epoch': '2.08'}
{'loss': '0.2846', 'grad_norm': '0.3633', 'learning_rate': '6.091e-05', 'epoch': '2.08'}
{'loss': '0.3067', 'grad_norm': '0.5314', 'learning_rate': '6.086e-05', 'epoch': '2.08'}
{'loss': '0.2917', 'grad_norm': '0.4288', 'learning_rate': '6.08e-05', 'epoch': '2.081'}
{'loss': '0.2952', 'grad_norm': '0.3869', 'learning_rate': '6.074e-05', 'epoch': '2.081'}
{'loss': '0.305', 'grad_norm': '0.4349', 'learning_rate': '6.069e-05', 'epoch': '2.081'}
{'loss': '0.2864', 'grad_norm': '0.392', 'learning_rate': '6.063e-05', 'epoch': '2.082'}
{'loss': '0.3034', 'grad_norm': '1.502', 'learning_rate': '6.057e-05', 'epoch': '2.082'}
{'loss': '0.2803', 'grad_norm': '0.3732', 'learning_rate': '6.052e-05', 'epoch': '2.082'}
{'loss': '0.3071', 'grad_norm': '0.4149', 'learning_rate': '6.046e-05', 'epoch': '2.083'}
{'loss': '0.2745', 'grad_norm': '0.3812', 'learning_rate': '6.04e-05', 'epoch': '2.083'}
{'loss': '0.278', 'grad_norm': '0.3947', 'learning_rate': '6.034e-05', 'epoch': '2.083'}
{'loss': '0.3018', 'grad_norm': '0.5286', 'learning_rate': '6.029e-05', 'epoch': '2.084'}
{'loss': '0.3025', 'grad_norm': '0.329', 'learning_rate': '6.023e-05', 'epoch': '2.084'}
{'loss': '0.3082', 'grad_norm': '0.4401', 'learning_rate': '6.017e-05', 'epoch': '2.084'}
{'loss': '0.2958', 'grad_norm': '0.5169', 'learning_rate': '6.012e-05', 'epoch': '2.085'}
{'loss': '0.3022', 'grad_norm': '0.4058', 'learning_rate': '6.006e-05', 'epoch': '2.085'}
{'loss': '0.3041', 'grad_norm': '0.5485', 'learning_rate': '6e-05', 'epoch': '2.085'}
{'loss': '0.2868', 'grad_norm': '0.4544', 'learning_rate': '5.995e-05', 'epoch': '2.086'}
{'loss': '0.2764', 'grad_norm': '0.3782', 'learning_rate': '5.989e-05', 'epoch': '2.086'}
{'loss': '0.2972', 'grad_norm': '0.4193', 'learning_rate': '5.983e-05', 'epoch': '2.086'}
{'loss': '0.2947', 'grad_norm': '0.4034', 'learning_rate': '5.977e-05', 'epoch': '2.087'}
{'loss': '0.2631', 'grad_norm': '0.3788', 'learning_rate': '5.972e-05', 'epoch': '2.087'}
{'loss': '0.2938', 'grad_norm': '0.4359', 'learning_rate': '5.966e-05', 'epoch': '2.087'}
{'loss': '0.2849', 'grad_norm': '0.3375', 'learning_rate': '5.96e-05', 'epoch': '2.088'}
{'loss': '0.3035', 'grad_norm': '0.4355', 'learning_rate': '5.955e-05', 'epoch': '2.088'}
{'loss': '0.2974', 'grad_norm': '0.3607', 'learning_rate': '5.949e-05', 'epoch': '2.088'}
{'loss': '0.307', 'grad_norm': '0.4694', 'learning_rate': '5.943e-05', 'epoch': '2.089'}
{'loss': '0.2871', 'grad_norm': '0.3449', 'learning_rate': '5.937e-05', 'epoch': '2.089'}
{'loss': '0.2927', 'grad_norm': '0.3645', 'learning_rate': '5.932e-05', 'epoch': '2.089'}
{'loss': '0.2699', 'grad_norm': '0.387', 'learning_rate': '5.926e-05', 'epoch': '2.09'}
{'loss': '0.2853', 'grad_norm': '0.3671', 'learning_rate': '5.92e-05', 'epoch': '2.09'}
{'loss': '0.2852', 'grad_norm': '0.4096', 'learning_rate': '5.915e-05', 'epoch': '2.09'}
{'loss': '0.2802', 'grad_norm': '0.4124', 'learning_rate': '5.909e-05', 'epoch': '2.091'}
{'loss': '0.2939', 'grad_norm': '0.4697', 'learning_rate': '5.903e-05', 'epoch': '2.091'}
{'loss': '0.2969', 'grad_norm': '0.4291', 'learning_rate': '5.897e-05', 'epoch': '2.091'}
{'loss': '0.2903', 'grad_norm': '0.4724', 'learning_rate': '5.892e-05', 'epoch': '2.092'}
{'loss': '0.3083', 'grad_norm': '0.5', 'learning_rate': '5.886e-05', 'epoch': '2.092'}
{'loss': '0.2876', 'grad_norm': '0.4162', 'learning_rate': '5.88e-05', 'epoch': '2.092'}
{'loss': '0.2891', 'grad_norm': '0.3591', 'learning_rate': '5.875e-05', 'epoch': '2.093'}
{'loss': '0.2923', 'grad_norm': '0.3723', 'learning_rate': '5.869e-05', 'epoch': '2.093'}
{'eval_loss': '0.3591', 'eval_runtime': '32.93', 'eval_samples_per_second': '62.19', 'eval_steps_per_second': '1.944', 'epoch': '2.093'}
{'loss': '0.2987', 'grad_norm': '0.3334', 'learning_rate': '5.863e-05', 'epoch': '2.093'}
{'loss': '0.2996', 'grad_norm': '0.455', 'learning_rate': '5.857e-05', 'epoch': '2.094'}
{'loss': '0.2915', 'grad_norm': '0.5379', 'learning_rate': '5.852e-05', 'epoch': '2.094'}
{'loss': '0.3022', 'grad_norm': '0.4032', 'learning_rate': '5.846e-05', 'epoch': '2.094'}
{'loss': '0.287', 'grad_norm': '0.4151', 'learning_rate': '5.84e-05', 'epoch': '2.095'}
{'loss': '0.308', 'grad_norm': '0.4671', 'learning_rate': '5.834e-05', 'epoch': '2.095'}
{'loss': '0.3047', 'grad_norm': '0.4599', 'learning_rate': '5.829e-05', 'epoch': '2.095'}
{'loss': '0.2708', 'grad_norm': '0.3738', 'learning_rate': '5.823e-05', 'epoch': '2.096'}
{'loss': '0.3006', 'grad_norm': '0.4452', 'learning_rate': '5.817e-05', 'epoch': '2.096'}
{'loss': '0.2907', 'grad_norm': '0.4978', 'learning_rate': '5.811e-05', 'epoch': '2.096'}
{'loss': '0.3114', 'grad_norm': '0.4284', 'learning_rate': '5.806e-05', 'epoch': '2.097'}
{'loss': '0.2945', 'grad_norm': '0.351', 'learning_rate': '5.8e-05', 'epoch': '2.097'}
{'loss': '0.2866', 'grad_norm': '0.3492', 'learning_rate': '5.794e-05', 'epoch': '2.097'}
{'loss': '0.2983', 'grad_norm': '0.4485', 'learning_rate': '5.788e-05', 'epoch': '2.098'}
{'loss': '0.2857', 'grad_norm': '0.4127', 'learning_rate': '5.783e-05', 'epoch': '2.098'}
{'loss': '0.2901', 'grad_norm': '0.4281', 'learning_rate': '5.777e-05', 'epoch': '2.098'}
{'loss': '0.2653', 'grad_norm': '0.3665', 'learning_rate': '5.771e-05', 'epoch': '2.099'}
{'loss': '0.2871', 'grad_norm': '0.3781', 'learning_rate': '5.766e-05', 'epoch': '2.099'}
{'loss': '0.2804', 'grad_norm': '0.4207', 'learning_rate': '5.76e-05', 'epoch': '2.099'}
{'loss': '0.2886', 'grad_norm': '0.3369', 'learning_rate': '5.754e-05', 'epoch': '2.1'}
{'loss': '0.2977', 'grad_norm': '0.2957', 'learning_rate': '5.748e-05', 'epoch': '2.1'}
{'loss': '0.2839', 'grad_norm': '0.4595', 'learning_rate': '5.742e-05', 'epoch': '2.1'}
{'loss': '0.2913', 'grad_norm': '0.4026', 'learning_rate': '5.737e-05', 'epoch': '2.101'}
{'loss': '0.2976', 'grad_norm': '0.4363', 'learning_rate': '5.731e-05', 'epoch': '2.101'}
{'loss': '0.3197', 'grad_norm': '0.4645', 'learning_rate': '5.725e-05', 'epoch': '2.101'}
{'loss': '0.2877', 'grad_norm': '0.4326', 'learning_rate': '5.719e-05', 'epoch': '2.102'}
{'loss': '0.3054', 'grad_norm': '0.3965', 'learning_rate': '5.714e-05', 'epoch': '2.102'}
{'loss': '0.2752', 'grad_norm': '0.3212', 'learning_rate': '5.708e-05', 'epoch': '2.102'}
{'loss': '0.2816', 'grad_norm': '0.417', 'learning_rate': '5.702e-05', 'epoch': '2.103'}
{'loss': '0.3089', 'grad_norm': '0.3373', 'learning_rate': '5.696e-05', 'epoch': '2.103'}
{'loss': '0.3044', 'grad_norm': '0.3006', 'learning_rate': '5.691e-05', 'epoch': '2.103'}
{'loss': '0.2763', 'grad_norm': '0.542', 'learning_rate': '5.685e-05', 'epoch': '2.104'}
{'loss': '0.2921', 'grad_norm': '0.4715', 'learning_rate': '5.679e-05', 'epoch': '2.104'}
{'loss': '0.2855', 'grad_norm': '0.4699', 'learning_rate': '5.673e-05', 'epoch': '2.104'}
{'loss': '0.2899', 'grad_norm': '0.398', 'learning_rate': '5.668e-05', 'epoch': '2.105'}
{'loss': '0.2772', 'grad_norm': '0.3986', 'learning_rate': '5.662e-05', 'epoch': '2.105'}
{'loss': '0.2656', 'grad_norm': '0.267', 'learning_rate': '5.656e-05', 'epoch': '2.105'}
{'loss': '0.2631', 'grad_norm': '0.4822', 'learning_rate': '5.65e-05', 'epoch': '2.106'}
{'loss': '0.2728', 'grad_norm': '0.4408', 'learning_rate': '5.645e-05', 'epoch': '2.106'}
{'loss': '0.2969', 'grad_norm': '0.3716', 'learning_rate': '5.639e-05', 'epoch': '2.106'}
{'loss': '0.2941', 'grad_norm': '0.6469', 'learning_rate': '5.633e-05', 'epoch': '2.107'}
{'loss': '0.2711', 'grad_norm': '0.4853', 'learning_rate': '5.627e-05', 'epoch': '2.107'}
{'loss': '0.2533', 'grad_norm': '0.5554', 'learning_rate': '5.621e-05', 'epoch': '2.107'}
{'loss': '0.2893', 'grad_norm': '0.4367', 'learning_rate': '5.616e-05', 'epoch': '2.108'}
{'loss': '0.2763', 'grad_norm': '0.4326', 'learning_rate': '5.61e-05', 'epoch': '2.108'}
{'loss': '0.2997', 'grad_norm': '0.336', 'learning_rate': '5.604e-05', 'epoch': '2.108'}
{'loss': '0.299', 'grad_norm': '0.5321', 'learning_rate': '5.598e-05', 'epoch': '2.109'}
{'loss': '0.3059', 'grad_norm': '0.4119', 'learning_rate': '5.593e-05', 'epoch': '2.109'}
{'loss': '0.2704', 'grad_norm': '0.4922', 'learning_rate': '5.587e-05', 'epoch': '2.109'}
{'loss': '0.2717', 'grad_norm': '0.3824', 'learning_rate': '5.581e-05', 'epoch': '2.11'}
{'eval_loss': '0.3585', 'eval_runtime': '31.07', 'eval_samples_per_second': '65.91', 'eval_steps_per_second': '2.06', 'epoch': '2.11'}
{'loss': '0.2789', 'grad_norm': '0.3881', 'learning_rate': '5.575e-05', 'epoch': '2.11'}
{'loss': '0.2968', 'grad_norm': '0.4809', 'learning_rate': '5.569e-05', 'epoch': '2.11'}
{'loss': '0.274', 'grad_norm': '0.4345', 'learning_rate': '5.564e-05', 'epoch': '2.111'}
{'loss': '0.2861', 'grad_norm': '0.455', 'learning_rate': '5.558e-05', 'epoch': '2.111'}
{'loss': '0.2875', 'grad_norm': '0.593', 'learning_rate': '5.552e-05', 'epoch': '2.111'}
{'loss': '0.291', 'grad_norm': '0.4208', 'learning_rate': '5.546e-05', 'epoch': '2.112'}
{'loss': '0.2784', 'grad_norm': '0.4672', 'learning_rate': '5.541e-05', 'epoch': '2.112'}
{'loss': '0.2992', 'grad_norm': '0.4473', 'learning_rate': '5.535e-05', 'epoch': '2.112'}
{'loss': '0.2966', 'grad_norm': '0.4112', 'learning_rate': '5.529e-05', 'epoch': '2.113'}
{'loss': '0.2874', 'grad_norm': '0.4325', 'learning_rate': '5.523e-05', 'epoch': '2.113'}
{'loss': '0.2823', 'grad_norm': '0.462', 'learning_rate': '5.517e-05', 'epoch': '2.113'}
{'loss': '0.2825', 'grad_norm': '0.549', 'learning_rate': '5.512e-05', 'epoch': '2.114'}
{'loss': '0.2927', 'grad_norm': '0.4023', 'learning_rate': '5.506e-05', 'epoch': '2.114'}
{'loss': '0.2831', 'grad_norm': '0.4082', 'learning_rate': '5.5e-05', 'epoch': '2.114'}
{'loss': '0.2832', 'grad_norm': '0.3357', 'learning_rate': '5.494e-05', 'epoch': '2.115'}
{'loss': '0.2881', 'grad_norm': '0.3591', 'learning_rate': '5.488e-05', 'epoch': '2.115'}
{'loss': '0.2816', 'grad_norm': '0.4398', 'learning_rate': '5.483e-05', 'epoch': '2.115'}
{'loss': '0.2722', 'grad_norm': '0.3946', 'learning_rate': '5.477e-05', 'epoch': '2.116'}
{'loss': '0.2948', 'grad_norm': '0.409', 'learning_rate': '5.471e-05', 'epoch': '2.116'}
{'loss': '0.2839', 'grad_norm': '0.382', 'learning_rate': '5.465e-05', 'epoch': '2.116'}
{'loss': '0.2905', 'grad_norm': '0.3749', 'learning_rate': '5.46e-05', 'epoch': '2.117'}
{'loss': '0.2822', 'grad_norm': '0.5232', 'learning_rate': '5.454e-05', 'epoch': '2.117'}
{'loss': '0.2723', 'grad_norm': '0.6111', 'learning_rate': '5.448e-05', 'epoch': '2.117'}
{'loss': '0.2876', 'grad_norm': '0.7262', 'learning_rate': '5.442e-05', 'epoch': '2.118'}
{'loss': '0.2906', 'grad_norm': '0.6383', 'learning_rate': '5.436e-05', 'epoch': '2.118'}
{'loss': '0.3001', 'grad_norm': '0.3658', 'learning_rate': '5.431e-05', 'epoch': '2.118'}
{'loss': '0.2683', 'grad_norm': '0.4177', 'learning_rate': '5.425e-05', 'epoch': '2.119'}
{'loss': '0.2776', 'grad_norm': '0.4347', 'learning_rate': '5.419e-05', 'epoch': '2.119'}
{'loss': '0.3162', 'grad_norm': '0.5739', 'learning_rate': '5.413e-05', 'epoch': '2.119'}
{'loss': '0.291', 'grad_norm': '0.4404', 'learning_rate': '5.407e-05', 'epoch': '2.12'}
{'loss': '0.2788', 'grad_norm': '0.4293', 'learning_rate': '5.402e-05', 'epoch': '2.12'}
{'loss': '0.2873', 'grad_norm': '0.4129', 'learning_rate': '5.396e-05', 'epoch': '2.12'}
{'loss': '0.2678', 'grad_norm': '0.6701', 'learning_rate': '5.39e-05', 'epoch': '2.121'}
{'loss': '0.2737', 'grad_norm': '0.3862', 'learning_rate': '5.384e-05', 'epoch': '2.121'}
{'loss': '0.2668', 'grad_norm': '0.4032', 'learning_rate': '5.378e-05', 'epoch': '2.121'}
{'loss': '0.2874', 'grad_norm': '0.4042', 'learning_rate': '5.373e-05', 'epoch': '2.122'}
{'loss': '0.2945', 'grad_norm': '0.4549', 'learning_rate': '5.367e-05', 'epoch': '2.122'}
{'loss': '0.2826', 'grad_norm': '0.3967', 'learning_rate': '5.361e-05', 'epoch': '2.122'}
{'loss': '0.2853', 'grad_norm': '0.374', 'learning_rate': '5.355e-05', 'epoch': '2.123'}
{'loss': '0.2935', 'grad_norm': '0.4707', 'learning_rate': '5.349e-05', 'epoch': '2.123'}
{'loss': '0.265', 'grad_norm': '0.4777', 'learning_rate': '5.344e-05', 'epoch': '2.123'}
{'loss': '0.2971', 'grad_norm': '0.3988', 'learning_rate': '5.338e-05', 'epoch': '2.124'}
{'loss': '0.2849', 'grad_norm': '0.528', 'learning_rate': '5.332e-05', 'epoch': '2.124'}
{'loss': '0.2976', 'grad_norm': '0.4292', 'learning_rate': '5.326e-05', 'epoch': '2.124'}
{'loss': '0.2775', 'grad_norm': '0.4686', 'learning_rate': '5.32e-05', 'epoch': '2.125'}
{'loss': '0.2726', 'grad_norm': '0.4403', 'learning_rate': '5.315e-05', 'epoch': '2.125'}
{'loss': '0.268', 'grad_norm': '0.3905', 'learning_rate': '5.309e-05', 'epoch': '2.125'}
{'loss': '0.2954', 'grad_norm': '0.3824', 'learning_rate': '5.303e-05', 'epoch': '2.126'}
{'loss': '0.282', 'grad_norm': '0.4726', 'learning_rate': '5.297e-05', 'epoch': '2.126'}
{'loss': '0.2989', 'grad_norm': '0.4887', 'learning_rate': '5.291e-05', 'epoch': '2.126'}
{'eval_loss': '0.3579', 'eval_runtime': '31.53', 'eval_samples_per_second': '64.95', 'eval_steps_per_second': '2.03', 'epoch': '2.126'}
{'loss': '0.2822', 'grad_norm': '0.558', 'learning_rate': '5.285e-05', 'epoch': '2.127'}
{'loss': '0.2893', 'grad_norm': '0.5675', 'learning_rate': '5.28e-05', 'epoch': '2.127'}
{'loss': '0.2809', 'grad_norm': '0.4862', 'learning_rate': '5.274e-05', 'epoch': '2.127'}
{'loss': '0.2896', 'grad_norm': '0.3834', 'learning_rate': '5.268e-05', 'epoch': '2.128'}
{'loss': '0.291', 'grad_norm': '0.4941', 'learning_rate': '5.262e-05', 'epoch': '2.128'}
{'loss': '0.2833', 'grad_norm': '0.3752', 'learning_rate': '5.256e-05', 'epoch': '2.128'}
{'loss': '0.291', 'grad_norm': '0.4629', 'learning_rate': '5.251e-05', 'epoch': '2.129'}
{'loss': '0.2681', 'grad_norm': '0.3665', 'learning_rate': '5.245e-05', 'epoch': '2.129'}
{'loss': '0.2789', 'grad_norm': '0.5419', 'learning_rate': '5.239e-05', 'epoch': '2.129'}
{'loss': '0.2986', 'grad_norm': '0.4755', 'learning_rate': '5.233e-05', 'epoch': '2.13'}
{'loss': '0.2842', 'grad_norm': '0.5489', 'learning_rate': '5.227e-05', 'epoch': '2.13'}
{'loss': '0.279', 'grad_norm': '0.4243', 'learning_rate': '5.222e-05', 'epoch': '2.13'}
{'loss': '0.2665', 'grad_norm': '0.4289', 'learning_rate': '5.216e-05', 'epoch': '2.131'}
{'loss': '0.3042', 'grad_norm': '0.4723', 'learning_rate': '5.21e-05', 'epoch': '2.131'}
{'loss': '0.3025', 'grad_norm': '0.4039', 'learning_rate': '5.204e-05', 'epoch': '2.131'}
{'loss': '0.2737', 'grad_norm': '0.5224', 'learning_rate': '5.198e-05', 'epoch': '2.132'}
{'loss': '0.2855', 'grad_norm': '0.4986', 'learning_rate': '5.193e-05', 'epoch': '2.132'}
{'loss': '0.3075', 'grad_norm': '0.6275', 'learning_rate': '5.187e-05', 'epoch': '2.132'}
